{
"type": "FeatureCollection",
"name": "tgo_admin1",
"crs": { "type": "name", "properties": { "name": "urn:ogc:def:crs:OGC:1.3:CRS84" } },
"features": [
{ "type": "Feature", "properties": { "adm1_name": "Centrale", "adm1_name1": null, "adm1_name2": null, "adm1_name3": null, "adm1_pcode": "TG01", "adm0_name": "Togo", "adm0_name1": null, "adm0_name2": null, "adm0_name3": null, "adm0_pcode": "TG", "valid_on": "2021-01-07", "valid_to": null, "area_sqkm": 13121.610261100001, "version": "v02", "lang": "fr", "lang1": null, "lang2": null, "lang3": null, "adm1_ref_name": "Centrale", "center_lat": 8.6141455, "center_lon": 1.04636455 }, "geometry": { "type": "Polygon", "coordinates": [ [ [ 1.436966000000155, 9.293004 ], [ 1.431143, 9.296549 ], [ 1.421417, 9.306945000000155 ], [ 1.418072, 9.312973000000113 ], [ 1.413042, 9.324488 ], [ 1.413000000000125, 9.324461 ], [ 1.4067, 9.320339000000104 ], [ 1.388775, 9.309271 ], [ 1.384267, 9.304375000000107 ], [ 1.383444000000168, 9.300992000000178 ], [ 1.379439000000104, 9.291783000000123 ], [ 1.378238, 9.286177 ], [ 1.378639, 9.28097200000019 ], [ 1.377838000000168, 9.273364 ], [ 1.377037000000144, 9.26976 ], [ 1.371431, 9.26976 ], [ 1.367828, 9.266157 ], [ 1.363824, 9.257348 ], [ 1.36022, 9.251742 ], [ 1.356216, 9.251742 ], [ 1.350210000000175, 9.251742 ], [ 1.343995, 9.252396 ], [ 1.342602, 9.252543 ], [ 1.333392, 9.250541000000112 ], [ 1.326185, 9.248539 ], [ 1.313772000000142, 9.245736 ], [ 1.310569000000157, 9.245736 ], [ 1.302160000000185, 9.248138 ], [ 1.294553000000121, 9.24974 ], [ 1.289347, 9.252943 ], [ 1.288939000000141, 9.253175 ], [ 1.28868, 9.253174000000172 ], [ 1.288957, 9.25243 ], [ 1.268120000000124, 9.249331 ], [ 1.263654, 9.247761000000139 ], [ 1.249023, 9.242616 ], [ 1.233121, 9.234763 ], [ 1.227062, 9.229262 ], [ 1.227055000000178, 9.229191000000185 ], [ 1.222879, 9.227717 ], [ 1.210066000000154, 9.222912 ], [ 1.203660000000184, 9.226516000000174 ], [ 1.200456, 9.232923 ], [ 1.198132, 9.235635000000116 ], [ 1.190506, 9.235407 ], [ 1.189751, 9.235331 ], [ 1.189679000000126, 9.235285 ], [ 1.189479000000119, 9.235257000000104 ], [ 1.189133, 9.235237 ], [ 1.187578, 9.235347 ], [ 1.185196000000133, 9.235491 ], [ 1.182038000000148, 9.232122 ], [ 1.178434, 9.229319 ], [ 1.175230000000113, 9.228118 ], [ 1.172828000000152, 9.226917000000128 ], [ 1.168424, 9.221711 ], [ 1.16522, 9.218508 ], [ 1.159615, 9.216506 ], [ 1.142797000000144, 9.219709 ], [ 1.131186, 9.222512 ], [ 1.123177, 9.223313000000189 ], [ 1.118773000000147, 9.226116000000104 ], [ 1.113167, 9.227317 ], [ 1.102756, 9.228118 ], [ 1.097951, 9.229319 ], [ 1.092746000000147, 9.229719000000159 ], [ 1.087941000000114, 9.229719000000159 ], [ 1.082736, 9.230120000000113 ], [ 1.076730000000111, 9.229319 ], [ 1.072725, 9.227717 ], [ 1.070724, 9.227717 ], [ 1.070506, 9.227362 ], [ 1.055796000000157, 9.22052 ], [ 1.040912, 9.213596 ], [ 1.02944, 9.212393000000134 ], [ 1.019677, 9.213480000000175 ], [ 1.017876, 9.213641 ], [ 1.01467, 9.211848000000145 ], [ 1.006583, 9.20991 ], [ 0.999936, 9.206087 ], [ 0.993299, 9.20037 ], [ 0.993325000000141, 9.195637 ], [ 0.988605, 9.188038 ], [ 0.98534, 9.175714 ], [ 0.985423, 9.161042 ], [ 0.98740800000013, 9.146853 ], [ 0.987937, 9.13739 ], [ 0.987033000000167, 9.128866000000187 ], [ 0.987628, 9.107570000000123 ], [ 0.989099, 9.100005000000181 ], [ 0.991038, 9.093863000000169 ], [ 0.997295000000179, 9.082064 ], [ 1.001143, 9.074985 ], [ 1.003082, 9.068843000000186 ], [ 1.002161, 9.063158 ], [ 1.001845, 9.062715000000139 ], [ 1.000201, 9.059399 ], [ 1.000278, 9.059288 ], [ 1.000228, 9.05932300000012 ], [ 0.99964, 9.058953 ], [ 0.998764, 9.058401 ], [ 0.99815, 9.057543000000123 ], [ 0.992886, 9.054278000000124 ], [ 0.986667, 9.053077 ], [ 0.98362, 9.052488 ], [ 0.982378000000153, 9.051194 ], [ 0.982277000000124, 9.051089000000104 ], [ 0.981363000000158, 9.050136000000123 ], [ 0.976144, 9.044697 ], [ 0.975519, 9.03962300000012 ], [ 0.975489000000152, 9.039382000000103 ], [ 0.97530200000017, 9.037852000000157 ], [ 0.972866, 9.034619 ], [ 0.972464000000173, 9.034086000000116 ], [ 0.969510000000184, 9.030166000000122 ], [ 0.966562000000124, 9.026796 ], [ 0.959086000000127, 9.0229 ], [ 0.949609, 9.01553 ], [ 0.947293000000116, 9.015109 ], [ 0.938513000000171, 9.014024000000177 ], [ 0.926545, 9.012545 ], [ 0.920021000000133, 9.011739000000148 ], [ 0.910966, 9.010265 ], [ 0.908758, 9.00992 ], [ 0.904227, 9.009212000000105 ], [ 0.896225000000129, 9.00679 ], [ 0.891908000000171, 9.006264000000101 ], [ 0.885064, 9.005211 ], [ 0.87941700000016, 9.004505 ], [ 0.87664, 9.004158000000132 ], [ 0.874466000000155, 9.004242000000147 ], [ 0.874152, 9.004254 ], [ 0.873286, 9.004136 ], [ 0.872932, 9.00429 ], [ 0.86633200000017, 9.003704 ], [ 0.851538, 9.009771 ], [ 0.842, 9.012555000000134 ], [ 0.832001, 9.012969000000112 ], [ 0.822001, 9.013383 ], [ 0.809604000000149, 9.016622 ], [ 0.792891, 9.025041000000101 ], [ 0.785748000000183, 9.025471000000152 ], [ 0.781873000000189, 9.036333 ], [ 0.78036, 9.050048000000118 ], [ 0.773672, 9.053793000000155 ], [ 0.767489, 9.052809 ], [ 0.762746, 9.049941000000103 ], [ 0.756589, 9.044698 ], [ 0.747063, 9.045586 ], [ 0.742755000000102, 9.049345000000187 ], [ 0.734638000000132, 9.053081 ], [ 0.725173, 9.044031000000189 ], [ 0.722341, 9.040227000000186 ], [ 0.720002, 9.033587 ], [ 0.715774000000181, 9.02457 ], [ 0.715432000000135, 9.02453 ], [ 0.715310000000159, 9.022674 ], [ 0.713912000000164, 9.017933000000141 ], [ 0.709655000000168, 9.013647000000105 ], [ 0.704898, 9.013144 ], [ 0.701099000000113, 9.011701000000187 ], [ 0.696333000000152, 9.012617000000148 ], [ 0.696111, 9.012447 ], [ 0.691060000000107, 9.014805000000138 ], [ 0.685054, 9.012803 ], [ 0.683052, 9.007797 ], [ 0.68105, 9.004294000000186 ], [ 0.677546000000177, 9.000290000000177 ], [ 0.674543, 8.993783000000178 ], [ 0.670539, 8.987777000000108 ], [ 0.665040000000147, 8.982802 ], [ 0.660349000000167, 8.98257800000016 ], [ 0.655581, 8.983967000000177 ], [ 0.647975, 8.982499000000189 ], [ 0.642270000000167, 8.981516 ], [ 0.63755, 8.975334000000146 ], [ 0.63381, 8.964900000000114 ], [ 0.632020000000125, 8.947379000000126 ], [ 0.628241, 8.943096000000139 ], [ 0.623034000000189, 8.938804000000118 ], [ 0.618781000000183, 8.934045 ], [ 0.613584, 8.928333 ], [ 0.605992000000185, 8.924972000000139 ], [ 0.592702000000145, 8.919681 ], [ 0.587001, 8.918224000000123 ], [ 0.584165, 8.915366 ], [ 0.581335, 8.911562000000117 ], [ 0.578042, 8.905863000000181 ], [ 0.579043000000127, 8.898298 ], [ 0.586675, 8.895509 ], [ 0.590985, 8.891278000000113 ], [ 0.591961, 8.887498000000164 ], [ 0.592477, 8.88135 ], [ 0.590903000000139, 8.879447000000141 ], [ 0.588216, 8.878506 ], [ 0.582949000000156, 8.876663 ], [ 0.56943600000011, 8.878165000000138 ], [ 0.559926000000189, 8.878665000000126 ], [ 0.553419, 8.875162000000159 ], [ 0.54991600000011, 8.871158 ], [ 0.547435000000178, 8.86454300000014 ], [ 0.546915000000126, 8.864019 ], [ 0.544108, 8.856903 ], [ 0.539388000000145, 8.851194 ], [ 0.532753, 8.847364 ], [ 0.524682000000155, 8.844945 ], [ 0.511378, 8.842491 ], [ 0.503776, 8.841021 ], [ 0.50486, 8.842041000000108 ], [ 0.502367000000163, 8.841127 ], [ 0.498864, 8.82461 ], [ 0.497362000000123, 8.812598 ], [ 0.491356, 8.807092000000125 ], [ 0.483848, 8.803588000000104 ], [ 0.471335000000124, 8.796581000000174 ], [ 0.467832000000158, 8.796081000000186 ], [ 0.46583, 8.796081000000186 ], [ 0.455319, 8.808594 ], [ 0.451815, 8.809094 ], [ 0.44681, 8.806592 ], [ 0.441805000000159, 8.802587 ], [ 0.437301, 8.801586 ], [ 0.434798, 8.800085 ], [ 0.432296000000122, 8.798083 ], [ 0.43780100000015, 8.790575000000104 ], [ 0.435799, 8.786571 ], [ 0.436278, 8.785312 ], [ 0.434798, 8.784068000000104 ], [ 0.432296000000122, 8.783568000000116 ], [ 0.42679, 8.784068000000104 ], [ 0.423787, 8.789074 ], [ 0.418782, 8.794079000000124 ], [ 0.41327600000011, 8.795080000000155 ], [ 0.408271, 8.792077000000177 ], [ 0.404267, 8.792577000000165 ], [ 0.396258000000103, 8.793578 ], [ 0.391253, 8.791576000000134 ], [ 0.385748, 8.786571 ], [ 0.384246000000132, 8.779564000000107 ], [ 0.388250000000141, 8.771556 ], [ 0.393255000000181, 8.766551 ], [ 0.395258000000183, 8.763548000000128 ], [ 0.395758000000171, 8.760044000000107 ], [ 0.391253, 8.757541000000117 ], [ 0.386248, 8.757541000000117 ], [ 0.384747000000175, 8.752036 ], [ 0.381243000000154, 8.749533 ], [ 0.376739, 8.749033000000111 ], [ 0.378741000000105, 8.743527 ], [ 0.382244, 8.735519000000181 ], [ 0.387750000000153, 8.724508 ], [ 0.394257, 8.715999000000181 ], [ 0.406269000000123, 8.701484 ], [ 0.422786, 8.677960000000155 ], [ 0.427791, 8.671453 ], [ 0.434298, 8.662945 ], [ 0.43780100000015, 8.653435 ], [ 0.449813000000177, 8.632914 ], [ 0.456236000000104, 8.622405000000185 ], [ 0.46633, 8.605886000000112 ], [ 0.468332000000146, 8.603384 ], [ 0.472837, 8.597878000000151 ], [ 0.476340000000164, 8.597878000000151 ], [ 0.484349, 8.59937900000017 ], [ 0.491356, 8.597878000000151 ], [ 0.49586, 8.59437400000013 ], [ 0.497362000000123, 8.591371000000152 ], [ 0.500865, 8.582863 ], [ 0.503368, 8.578858 ], [ 0.509374, 8.575855000000104 ], [ 0.513378000000102, 8.569349 ], [ 0.518884, 8.567847000000143 ], [ 0.52789300000012, 8.573853 ], [ 0.532898000000159, 8.573853 ], [ 0.535901, 8.568348000000185 ], [ 0.537403, 8.564344000000176 ], [ 0.536903, 8.559338 ], [ 0.540906000000177, 8.557336000000134 ], [ 0.548915, 8.554834 ], [ 0.558424000000116, 8.550329 ], [ 0.578445, 8.526805000000138 ], [ 0.585452000000146, 8.5218 ], [ 0.600467, 8.517796 ], [ 0.614982000000111, 8.513291 ], [ 0.617284000000154, 8.513536 ], [ 0.616985, 8.513291 ], [ 0.624492, 8.509287 ], [ 0.628496, 8.500278000000151 ], [ 0.644513000000131, 8.491269000000102 ], [ 0.649518000000171, 8.483261 ], [ 0.655524, 8.46274 ], [ 0.656142, 8.462439000000188 ], [ 0.657526000000189, 8.441218000000106 ], [ 0.658527, 8.430707 ], [ 0.66453300000012, 8.419696000000158 ], [ 0.677046000000189, 8.41419 ], [ 0.685554, 8.409685 ], [ 0.693563, 8.402678 ], [ 0.697567000000106, 8.397673000000168 ], [ 0.702072000000157, 8.398674 ], [ 0.708078, 8.396172000000149 ], [ 0.708578, 8.389164000000108 ], [ 0.708578, 8.387663 ], [ 0.714084000000184, 8.384159 ], [ 0.713583, 8.364639000000182 ], [ 0.714441, 8.364052000000129 ], [ 0.713601000000153, 8.36308 ], [ 0.714718, 8.357329 ], [ 0.721972, 8.352693000000158 ], [ 0.71986, 8.342965000000106 ], [ 0.723505, 8.337588 ], [ 0.728949000000171, 8.333301 ], [ 0.730203000000188, 8.331655 ], [ 0.730173, 8.331518000000131 ], [ 0.730043, 8.331508 ], [ 0.730131, 8.331329 ], [ 0.729694000000165, 8.329347 ], [ 0.730487, 8.317117000000167 ], [ 0.730207000000121, 8.303081000000191 ], [ 0.728115, 8.28975400000013 ], [ 0.72454, 8.283257 ], [ 0.712997, 8.280312 ], [ 0.701427, 8.282045000000153 ], [ 0.696733, 8.281658000000107 ], [ 0.693127, 8.280558 ], [ 0.684846, 8.27583200000015 ], [ 0.676956, 8.266070000000184 ], [ 0.67553, 8.262823 ], [ 0.668681000000163, 8.260265000000174 ], [ 0.665435000000173, 8.259526000000164 ], [ 0.658576, 8.258766000000151 ], [ 0.653154, 8.259454 ], [ 0.64593200000013, 8.259052000000167 ], [ 0.643880000000138, 8.258455 ], [ 0.643626, 8.25868000000014 ], [ 0.641107, 8.257323 ], [ 0.637812, 8.248215 ], [ 0.631998, 8.237943000000143 ], [ 0.630447000000174, 8.237361000000135 ], [ 0.625796, 8.2321290000001 ], [ 0.623858000000155, 8.220694 ], [ 0.623868, 8.22067 ], [ 0.623606, 8.220471 ], [ 0.613385000000108, 8.216307 ], [ 0.602030000000127, 8.20949400000012 ], [ 0.594459, 8.205330000000174 ], [ 0.591431000000114, 8.200788 ], [ 0.589538000000175, 8.196624000000156 ], [ 0.589917, 8.191703000000132 ], [ 0.591431000000114, 8.187539 ], [ 0.59938, 8.178833 ], [ 0.600894, 8.173912 ], [ 0.602408000000139, 8.168234 ], [ 0.603165, 8.161421000000132 ], [ 0.603165, 8.155364 ], [ 0.60354400000017, 8.144387000000108 ], [ 0.602889000000118, 8.140327 ], [ 0.595465000000104, 8.135516000000109 ], [ 0.591589, 8.121175000000108 ], [ 0.591201000000126, 8.113035 ], [ 0.591201000000126, 8.108718 ], [ 0.591052, 8.108427000000177 ], [ 0.591052, 8.089501 ], [ 0.592188, 8.071331 ], [ 0.598623000000146, 8.04597 ], [ 0.59673, 8.038021000000128 ], [ 0.602030000000127, 8.025529000000176 ], [ 0.606572, 8.008874 ], [ 0.607221, 8.003678 ], [ 0.606761, 8.003386 ], [ 0.601083, 7.999979 ], [ 0.597677, 7.975753 ], [ 0.609411, 7.92351600000012 ], [ 0.613575, 7.920867000000158 ], [ 0.611682, 7.906861 ], [ 0.615089, 7.897776 ], [ 0.615846, 7.89096300000017 ], [ 0.616015000000118, 7.890984000000117 ], [ 0.636246, 7.893553 ], [ 0.639693, 7.893991 ], [ 0.654077, 7.893613 ], [ 0.66619, 7.893991 ], [ 0.678681, 7.897019000000114 ], [ 0.684927000000187, 7.902129000000173 ], [ 0.700068000000101, 7.921056 ], [ 0.695147, 7.936197 ], [ 0.690565, 7.942659 ], [ 0.689659000000177, 7.947742000000176 ], [ 0.689687, 7.95151600000014 ], [ 0.690037000000189, 7.955691 ], [ 0.692876, 7.959666 ], [ 0.696472, 7.961747 ], [ 0.70139300000011, 7.963262000000157 ], [ 0.709532000000138, 7.964587 ], [ 0.710099000000127, 7.958719000000144 ], [ 0.712645000000123, 7.951861 ], [ 0.717291000000102, 7.950013000000126 ], [ 0.723063, 7.949923000000126 ], [ 0.734354, 7.947266 ], [ 0.737103000000161, 7.946044 ], [ 0.739433, 7.945112000000165 ], [ 0.744386, 7.943599 ], [ 0.744495, 7.943666 ], [ 0.744507000000112, 7.943757000000119 ], [ 0.744495, 7.943806000000109 ], [ 0.744471000000146, 7.943836 ], [ 0.744453, 7.94387300000011 ], [ 0.744471000000146, 7.943915 ], [ 0.744538, 7.943964 ], [ 0.744672, 7.943921 ], [ 0.747622, 7.942222000000129 ], [ 0.758463000000177, 7.939124000000106 ], [ 0.761223, 7.937745 ], [ 0.772542000000158, 7.933138 ], [ 0.773065, 7.932354 ], [ 0.774565, 7.932741000000135 ], [ 0.796025000000157, 7.938279 ], [ 0.809274, 7.942443000000139 ], [ 0.820629, 7.948499 ], [ 0.825929000000144, 7.95379800000012 ], [ 0.827821, 7.957962 ], [ 0.829714000000138, 7.962505 ], [ 0.831606, 7.968182000000127 ], [ 0.830850000000169, 7.972725000000139 ], [ 0.83014, 7.974391000000139 ], [ 0.830625, 7.978509000000145 ], [ 0.831109, 7.983839 ], [ 0.833121000000119, 7.98938 ], [ 0.833878, 7.993922000000168 ], [ 0.831594000000109, 7.998616 ], [ 0.834259000000145, 8.002008 ], [ 0.835228, 8.006611 ], [ 0.834501000000103, 8.013879 ], [ 0.833532, 8.016544000000181 ], [ 0.837123, 8.038742 ], [ 0.841058000000146, 8.038048 ], [ 0.85317, 8.035928000000126 ], [ 0.861801, 8.031840000000102 ], [ 0.868160000000103, 8.02215 ], [ 0.884512, 7.959465 ], [ 0.895111000000156, 7.960980000000177 ], [ 0.899048000000107, 7.961282 ], [ 0.912675, 7.964613 ], [ 0.919034000000181, 7.964613 ], [ 0.93084400000015, 7.967944000000102 ], [ 0.940838000000156, 7.971578 ], [ 0.946288, 7.974909 ], [ 0.949316000000181, 7.976121 ], [ 0.963246, 7.980966 ], [ 0.969908, 7.978846000000146 ], [ 0.979296, 7.974304000000188 ], [ 0.988986000000125, 7.971578 ], [ 1.005339000000106, 7.967642000000183 ], [ 1.018057000000113, 7.966430000000116 ], [ 1.026839, 7.964916 ], [ 1.029867, 7.964311 ], [ 1.033198, 7.962494 ], [ 1.033760000000143, 7.962445 ], [ 1.038468000000137, 7.960595000000126 ], [ 1.043762000000129, 7.958515000000148 ], [ 1.052090000000135, 7.954730000000154 ], [ 1.05928200000011, 7.94980900000013 ], [ 1.062689, 7.949431000000118 ], [ 1.074423, 7.949052 ], [ 1.083887, 7.950566 ], [ 1.094485000000134, 7.952459 ], [ 1.094654, 7.952716000000123 ], [ 1.100542000000189, 7.954351 ], [ 1.110383000000127, 7.955487 ], [ 1.117575000000102, 7.957001000000105 ], [ 1.125146, 7.957758 ], [ 1.141801000000157, 7.961922000000129 ], [ 1.148236, 7.965707000000123 ], [ 1.148562, 7.966074000000106 ], [ 1.154292000000169, 7.972521 ], [ 1.169812, 7.985391 ], [ 1.18571, 7.989933000000178 ], [ 1.195552, 8.000532000000135 ], [ 1.197445000000187, 8.015294000000154 ], [ 1.206151, 8.024379 ], [ 1.208043, 8.025136 ], [ 1.211829, 8.0293 ], [ 1.21675, 8.033464 ], [ 1.220913, 8.032707 ], [ 1.226591000000155, 8.031192000000146 ], [ 1.234763, 8.032282 ], [ 1.235736, 8.037147000000118 ], [ 1.238643, 8.040539 ], [ 1.245911, 8.04901800000016 ], [ 1.248576, 8.051925 ], [ 1.250998, 8.056770000000142 ], [ 1.252210000000161, 8.069125 ], [ 1.250998, 8.074939 ], [ 1.250703, 8.07832 ], [ 1.2481, 8.082007000000146 ], [ 1.241559000000166, 8.085156 ], [ 1.236956000000134, 8.087094 ], [ 1.230788000000132, 8.091664000000151 ], [ 1.230416000000105, 8.09194 ], [ 1.230416000000105, 8.095573000000115 ], [ 1.233807000000184, 8.098965 ], [ 1.241317, 8.099934000000189 ], [ 1.247858000000122, 8.099692 ], [ 1.254641, 8.102357 ], [ 1.255476, 8.103631000000178 ], [ 1.256207000000131, 8.106554 ], [ 1.256449, 8.114549 ], [ 1.256207000000131, 8.123512 ], [ 1.256449, 8.132476000000111 ], [ 1.257176000000186, 8.135867000000189 ], [ 1.258629000000155, 8.14240800000016 ], [ 1.259356, 8.146527 ], [ 1.262263, 8.151372 ], [ 1.262748, 8.153552000000104 ], [ 1.263717000000156, 8.157913000000121 ], [ 1.264201, 8.165665000000104 ], [ 1.264336000000185, 8.177142 ], [ 1.264443, 8.186257000000182 ], [ 1.262748, 8.193525 ], [ 1.260325000000137, 8.199097000000108 ], [ 1.256207000000131, 8.201277 ], [ 1.251846, 8.204184 ], [ 1.246274, 8.210483 ], [ 1.243367, 8.216539000000182 ], [ 1.24288300000012, 8.220415 ], [ 1.243851, 8.227441000000169 ], [ 1.245547, 8.234224 ], [ 1.246026, 8.237413000000174 ], [ 1.247023000000183, 8.239024 ], [ 1.250877000000173, 8.242107 ], [ 1.256117000000131, 8.244419 ], [ 1.260182, 8.245829000000185 ], [ 1.259903, 8.246026000000143 ], [ 1.258702000000142, 8.249912000000108 ], [ 1.25735, 8.254284 ], [ 1.254576, 8.260141 ], [ 1.251493, 8.265536 ], [ 1.248719000000165, 8.26938900000016 ], [ 1.242707000000109, 8.273243 ], [ 1.240084000000138, 8.275050000000135 ], [ 1.239223000000152, 8.277058000000181 ], [ 1.237511, 8.283222 ], [ 1.234086, 8.287675 ], [ 1.232374000000107, 8.289387 ], [ 1.229976000000136, 8.295894 ], [ 1.229292, 8.301373000000126 ], [ 1.229634, 8.325689000000125 ], [ 1.231004, 8.330484000000183 ], [ 1.231004, 8.340758000000108 ], [ 1.230831, 8.34138 ], [ 1.229292, 8.346923 ], [ 1.229634, 8.350005000000124 ], [ 1.231004, 8.353772 ], [ 1.233059000000139, 8.357197 ], [ 1.235369000000105, 8.359717000000103 ], [ 1.236826, 8.361306000000127 ], [ 1.229067, 8.378174 ], [ 1.228949, 8.378430000000151 ], [ 1.244703, 8.372951000000114 ], [ 1.259429, 8.372266 ], [ 1.277580000000171, 8.372608000000184 ], [ 1.282032000000129, 8.367813 ], [ 1.283745, 8.367128 ], [ 1.28785500000015, 8.366444000000115 ], [ 1.292649000000154, 8.366101000000185 ], [ 1.295046, 8.365759000000139 ], [ 1.297786, 8.365416 ], [ 1.302238, 8.366444000000115 ], [ 1.304978000000119, 8.364731000000177 ], [ 1.306005, 8.365416 ], [ 1.3108, 8.366101000000185 ], [ 1.311143, 8.363361000000111 ], [ 1.320047000000102, 8.357882000000131 ], [ 1.322444000000189, 8.358567000000164 ], [ 1.331006, 8.358224000000178 ], [ 1.334773, 8.358224000000178 ], [ 1.33854, 8.359594 ], [ 1.357377, 8.351032 ], [ 1.359432, 8.351032 ], [ 1.363884, 8.351032 ], [ 1.371418, 8.354799000000128 ], [ 1.37861, 8.354799000000128 ], [ 1.384775000000161, 8.355142 ], [ 1.388884000000132, 8.358909 ], [ 1.393336, 8.360279 ], [ 1.404981000000134, 8.362676000000135 ], [ 1.413542, 8.363019 ], [ 1.417995, 8.362676000000135 ], [ 1.424502, 8.362334 ], [ 1.435118, 8.361991000000103 ], [ 1.441968000000145, 8.361649 ], [ 1.44642, 8.361991000000103 ], [ 1.454982, 8.363704 ], [ 1.462859, 8.365759000000139 ], [ 1.469366, 8.368156 ], [ 1.47279, 8.371923000000152 ], [ 1.473129, 8.371855 ], [ 1.476022000000114, 8.375274000000104 ], [ 1.478475, 8.377636000000166 ], [ 1.48342, 8.382397 ], [ 1.485063000000139, 8.384589 ], [ 1.487803, 8.389795 ], [ 1.489995, 8.392808000000116 ], [ 1.492461000000105, 8.394726 ], [ 1.50068, 8.40322 ], [ 1.513009000000125, 8.428152000000125 ], [ 1.515749, 8.431439000000125 ], [ 1.518489, 8.433905 ], [ 1.52287200000012, 8.436371000000179 ], [ 1.52479, 8.437741000000187 ], [ 1.528078000000107, 8.438015000000121 ], [ 1.534105000000181, 8.439111 ], [ 1.538489, 8.4402070000001 ], [ 1.547257000000172, 8.442947000000174 ], [ 1.565065000000118, 8.448152 ], [ 1.571093, 8.449796 ], [ 1.593833, 8.455276 ], [ 1.619587, 8.47007 ], [ 1.649922000000174, 8.47812400000015 ], [ 1.650192000000118, 8.478432 ], [ 1.649507000000142, 8.481172000000129 ], [ 1.649164000000155, 8.490761 ], [ 1.641287000000148, 8.503433 ], [ 1.637504000000149, 8.508925 ], [ 1.630328, 8.633566000000144 ], [ 1.630328, 8.635628 ], [ 1.628616, 8.647614 ], [ 1.628616, 8.650697 ], [ 1.629301000000169, 8.654806000000178 ], [ 1.630328, 8.661313000000177 ], [ 1.631355, 8.673985 ], [ 1.631698, 8.679464 ], [ 1.632212000000152, 8.69539 ], [ 1.632554, 8.722103 ], [ 1.632554, 8.750185 ], [ 1.632554, 8.778953 ], [ 1.633239, 8.784090000000162 ], [ 1.633582, 8.796077 ], [ 1.632897000000185, 8.799844000000121 ], [ 1.632897000000185, 8.804981000000112 ], [ 1.632554, 8.811831 ], [ 1.631869, 8.816625 ], [ 1.631669000000159, 8.81631300000015 ], [ 1.631698, 8.816796000000124 ], [ 1.631355, 8.820906 ], [ 1.628958, 8.830495 ], [ 1.631013, 8.839057000000139 ], [ 1.631698, 8.847619000000122 ], [ 1.632726, 8.852414 ], [ 1.632726, 8.860291 ], [ 1.630328, 8.880154 ], [ 1.628616, 8.895565 ], [ 1.626903, 8.907894 ], [ 1.626561000000152, 8.914401000000169 ], [ 1.625666000000138, 8.921263 ], [ 1.625876000000119, 8.92193600000013 ], [ 1.623479, 8.945567 ], [ 1.622109, 8.955156 ], [ 1.625876000000119, 8.972279000000128 ], [ 1.623821, 8.974677000000156 ], [ 1.62793100000016, 8.990773 ], [ 1.628616, 8.995568000000105 ], [ 1.629177, 8.998374 ], [ 1.629986, 8.998992 ], [ 1.626219, 9.025363 ], [ 1.62450600000011, 9.042144000000178 ], [ 1.615602, 9.062693 ], [ 1.617657, 9.071597000000168 ], [ 1.609542, 9.08815 ], [ 1.609437000000128, 9.088721 ], [ 1.604643000000124, 9.099337000000105 ], [ 1.598136000000125, 9.110981 ], [ 1.591971, 9.117146000000162 ], [ 1.583067000000142, 9.12742 ], [ 1.578957, 9.131872 ], [ 1.572792000000163, 9.144886000000156 ], [ 1.567998000000159, 9.153106 ], [ 1.563546, 9.161667 ], [ 1.559436000000119, 9.169887000000188 ], [ 1.553614, 9.175024000000121 ], [ 1.550874000000135, 9.176736 ], [ 1.544367000000136, 9.180161000000112 ], [ 1.536148, 9.18495600000017 ], [ 1.528614, 9.189750000000174 ], [ 1.526324000000102, 9.190437 ], [ 1.525868, 9.190948000000162 ], [ 1.508598, 9.208374000000106 ], [ 1.503764000000103, 9.21320900000012 ], [ 1.495967000000121, 9.220850000000155 ], [ 1.489885000000129, 9.227633 ], [ 1.485207000000173, 9.234338 ], [ 1.478658, 9.238705 ], [ 1.475421, 9.240771000000166 ], [ 1.471679000000108, 9.244748 ], [ 1.462011, 9.254728000000171 ], [ 1.459905000000106, 9.262057 ], [ 1.452966, 9.274766 ], [ 1.450159, 9.278898 ], [ 1.444623, 9.284278000000143 ], [ 1.444546000000116, 9.284207000000151 ], [ 1.436966000000155, 9.293004 ] ] ] } },
{ "type": "Feature", "properties": { "adm1_name": "Kara", "adm1_name1": null, "adm1_name2": null, "adm1_name3": null, "adm1_pcode": "TG02", "adm0_name": "Togo", "adm0_name1": null, "adm0_name2": null, "adm0_name3": null, "adm0_pcode": "TG", "valid_on": "2021-01-07", "valid_to": null, "area_sqkm": 11770.488647149999, "version": "v02", "lang": "fr", "lang1": null, "lang2": null, "lang3": null, "adm1_ref_name": "Kara", "center_lat": 9.5652375, "center_lon": 0.80812879 }, "geometry": { "type": "Polygon", "coordinates": [ [ [ 0.993955, 10.217539000000102 ], [ 0.954366, 10.250612000000103 ], [ 0.952811000000167, 10.251432 ], [ 0.953016, 10.251986000000102 ], [ 0.937589000000116, 10.263825000000168 ], [ 0.901657000000171, 10.289993 ], [ 0.887476000000106, 10.273573 ], [ 0.876992, 10.254703000000177 ], [ 0.866509, 10.244219000000157 ], [ 0.863364000000104, 10.244219000000157 ], [ 0.857074000000125, 10.24107400000014 ], [ 0.849735, 10.234784 ], [ 0.839252000000101, 10.227446 ], [ 0.838969000000134, 10.226528 ], [ 0.826672, 10.186560000000156 ], [ 0.824575, 10.175029000000166 ], [ 0.822478, 10.168738000000133 ], [ 0.819333, 10.163497 ], [ 0.819564000000184, 10.162111000000152 ], [ 0.816681, 10.158704000000171 ], [ 0.814169, 10.154757 ], [ 0.808788000000163, 10.151887000000102 ], [ 0.803764000000115, 10.153681 ], [ 0.798383, 10.161933 ], [ 0.797306000000106, 10.167673 ], [ 0.794078000000184, 10.171978000000138 ], [ 0.781161000000111, 10.1795130000001 ], [ 0.777933000000189, 10.179871 ], [ 0.777523, 10.180008 ], [ 0.777215, 10.179871 ], [ 0.775421000000165, 10.178795 ], [ 0.773986, 10.176642 ], [ 0.767887, 10.174849 ], [ 0.757841, 10.1795130000001 ], [ 0.754253, 10.182383 ], [ 0.748154, 10.178436000000147 ], [ 0.744207000000131, 10.175925 ], [ 0.739184, 10.174131000000102 ], [ 0.73667300000011, 10.172696 ], [ 0.733085, 10.168391 ], [ 0.738826, 10.160139 ], [ 0.738108000000182, 10.15296300000017 ], [ 0.74277300000017, 10.14507 ], [ 0.741092000000151, 10.141709000000162 ], [ 0.740261000000146, 10.140047000000152 ], [ 0.739518000000146, 10.140511000000174 ], [ 0.734521, 10.143635000000188 ], [ 0.710841, 10.163009 ], [ 0.706536, 10.166597 ], [ 0.704742, 10.168032000000153 ], [ 0.697987, 10.167111000000148 ], [ 0.692739000000131, 10.160383 ], [ 0.688342, 10.155711000000167 ], [ 0.684770000000128, 10.145268000000101 ], [ 0.68371000000019, 10.143590000000188 ], [ 0.683113, 10.143164000000127 ], [ 0.680976000000101, 10.141907 ], [ 0.679572000000121, 10.141604 ], [ 0.678132000000176, 10.141366 ], [ 0.677086000000145, 10.141237 ], [ 0.676563, 10.141182 ], [ 0.676123, 10.141265 ], [ 0.675875000000133, 10.141384 ], [ 0.675710000000151, 10.141320000000121 ], [ 0.675581000000136, 10.14099 ], [ 0.67564, 10.140827 ], [ 0.675575000000151, 10.140822000000128 ], [ 0.67578, 10.136994000000129 ], [ 0.67496, 10.134465000000148 ], [ 0.673593000000153, 10.127151 ], [ 0.673114000000112, 10.121136 ], [ 0.672294000000136, 10.116215 ], [ 0.672226, 10.111157 ], [ 0.672636000000182, 10.108491 ], [ 0.672961, 10.108227 ], [ 0.67295300000012, 10.108168 ], [ 0.677624, 10.099648 ], [ 0.682021, 10.092778 ], [ 0.685319000000106, 10.086732 ], [ 0.686694, 10.08206 ], [ 0.686144000000127, 10.072716000000185 ], [ 0.687243000000137, 10.065571000000148 ], [ 0.68779300000017, 10.057876000000135 ], [ 0.686968, 10.053204000000107 ], [ 0.682021, 10.046334000000115 ], [ 0.678449000000114, 10.038364 ], [ 0.678449000000114, 10.033967000000189 ], [ 0.677899, 10.027646000000175 ], [ 0.67295300000012, 10.01582900000011 ], [ 0.667182, 10.00868400000013 ], [ 0.660311, 10.004561 ], [ 0.649593000000152, 9.996867 ], [ 0.645196000000112, 9.98999600000019 ], [ 0.643524000000184, 9.989002 ], [ 0.651284, 9.989002 ], [ 0.653796000000114, 9.988643000000138 ], [ 0.66707, 9.985414000000162 ], [ 0.6759780000001, 9.983237000000145 ], [ 0.677715000000148, 9.982812000000138 ], [ 0.677219, 9.978732 ], [ 0.677006, 9.976631000000111 ], [ 0.67677, 9.974931 ], [ 0.676700000000153, 9.9742 ], [ 0.676534000000117, 9.973562 ], [ 0.676369000000136, 9.973114000000123 ], [ 0.676180000000102, 9.971579000000133 ], [ 0.676227, 9.970706000000177 ], [ 0.676747000000148, 9.968665 ], [ 0.676399000000117, 9.966399000000138 ], [ 0.675681, 9.963529 ], [ 0.674648, 9.959742 ], [ 0.674261000000172, 9.959572000000151 ], [ 0.671594, 9.95888500000018 ], [ 0.669214000000181, 9.958103000000108 ], [ 0.668161000000111, 9.957704000000149 ], [ 0.667603, 9.957433 ], [ 0.667401, 9.957235 ], [ 0.667214, 9.956834000000129 ], [ 0.667165000000125, 9.956687 ], [ 0.666936, 9.956736 ], [ 0.6669, 9.956826000000149 ], [ 0.666899000000114, 9.956826000000149 ], [ 0.666899000000114, 9.95682 ], [ 0.666797, 9.956908 ], [ 0.666633000000161, 9.956785000000139 ], [ 0.666698, 9.956622000000152 ], [ 0.666846, 9.956450000000132 ], [ 0.666889, 9.95638200000019 ], [ 0.666899000000114, 9.955836000000147 ], [ 0.666979, 9.954877000000181 ], [ 0.667394, 9.953137 ], [ 0.668017, 9.950933 ], [ 0.668352, 9.949592 ], [ 0.66887000000014, 9.948821 ], [ 0.668864, 9.948819 ], [ 0.666711, 9.944155 ], [ 0.664516000000162, 9.942141000000163 ], [ 0.659591000000148, 9.937216000000149 ], [ 0.656425000000183, 9.934578 ], [ 0.656074000000103, 9.931764 ], [ 0.656425000000183, 9.92930100000018 ], [ 0.658712, 9.925960000000146 ], [ 0.675245, 9.91013 ], [ 0.677746, 9.907462000000123 ], [ 0.679627, 9.901819 ], [ 0.681421000000171, 9.896437000000105 ], [ 0.68178, 9.891414000000168 ], [ 0.682857000000126, 9.887468000000126 ], [ 0.681063, 9.880292 ], [ 0.680704000000162, 9.877422 ], [ 0.679817000000128, 9.876535 ], [ 0.679627, 9.876346 ], [ 0.676757, 9.881010000000117 ], [ 0.672452, 9.883162 ], [ 0.665994, 9.882804 ], [ 0.662048, 9.880651000000114 ], [ 0.65904600000016, 9.877033 ], [ 0.65422400000017, 9.877910000000156 ], [ 0.65093700000017, 9.882732000000146 ], [ 0.648526000000174, 9.886677 ], [ 0.645676, 9.891499 ], [ 0.641292, 9.894568000000163 ], [ 0.636909000000117, 9.894787000000179 ], [ 0.634059, 9.893691 ], [ 0.630834, 9.888185000000135 ], [ 0.626170000000116, 9.883521 ], [ 0.622435000000166, 9.883383 ], [ 0.622248000000184, 9.883376000000169 ], [ 0.616634, 9.885252 ], [ 0.611812000000157, 9.887006 ], [ 0.608744000000172, 9.887006 ], [ 0.600634, 9.889198000000135 ], [ 0.595593, 9.887882000000104 ], [ 0.592086000000165, 9.886348 ], [ 0.587921000000165, 9.88591 ], [ 0.584626000000185, 9.881368 ], [ 0.584585000000175, 9.88117 ], [ 0.584567000000106, 9.881085 ], [ 0.584204000000113, 9.881205 ], [ 0.583782000000156, 9.881334 ], [ 0.570552, 9.88498200000015 ], [ 0.54934800000018, 9.892824 ], [ 0.535406, 9.897471 ], [ 0.531339000000116, 9.899214 ], [ 0.524078, 9.901538 ], [ 0.521754, 9.906766000000118 ], [ 0.518559000000153, 9.908218000000147 ], [ 0.515074000000141, 9.916642000000138 ], [ 0.515074000000141, 9.924775000000182 ], [ 0.517107000000124, 9.926808000000165 ], [ 0.519140000000107, 9.927389 ], [ 0.521754, 9.932908 ], [ 0.524949, 9.936103 ], [ 0.525100000000123, 9.93664 ], [ 0.525108, 9.936668000000111 ], [ 0.526983000000143, 9.943364 ], [ 0.519721, 9.951497000000131 ], [ 0.513912, 9.950335 ], [ 0.510717, 9.945688000000189 ], [ 0.506360000000143, 9.941331000000105 ], [ 0.502294000000177, 9.941331000000105 ], [ 0.499389000000122, 9.941621000000112 ], [ 0.497355, 9.945398000000125 ], [ 0.497355, 9.946269 ], [ 0.497161000000176, 9.946661 ], [ 0.491547, 9.951207000000124 ], [ 0.489223, 9.952369000000147 ], [ 0.486028, 9.953530000000114 ], [ 0.479928, 9.951497000000131 ], [ 0.478185, 9.951207000000124 ], [ 0.473247, 9.948883 ], [ 0.471214, 9.948012 ], [ 0.466857000000118, 9.944817 ], [ 0.465405, 9.943945 ], [ 0.461339000000123, 9.94452600000011 ], [ 0.45611, 9.94714 ], [ 0.453786, 9.952659000000153 ], [ 0.447106, 9.956435000000113 ], [ 0.441337, 9.956879 ], [ 0.439554000000101, 9.957016 ], [ 0.435487, 9.957597 ], [ 0.430259, 9.957306 ], [ 0.426192000000128, 9.958468 ], [ 0.423869, 9.960792 ], [ 0.420964, 9.963987 ], [ 0.418060000000139, 9.976186 ], [ 0.422707, 9.986353 ], [ 0.422416000000112, 9.994195000000161 ], [ 0.415445000000148, 10.009009 ], [ 0.413122000000158, 10.012204 ], [ 0.409927, 10.016561000000138 ], [ 0.407893, 10.019465 ], [ 0.408184000000119, 10.021789000000126 ], [ 0.407858000000147, 10.02219 ], [ 0.40019100000012, 10.016653 ], [ 0.390985000000114, 10.023666 ], [ 0.374108, 10.024543000000108 ], [ 0.362711000000161, 10.030461 ], [ 0.358766, 10.030680000000189 ], [ 0.35745, 10.0309 ], [ 0.353286, 10.028708000000108 ], [ 0.352848000000165, 10.026735 ], [ 0.352848000000165, 10.02542 ], [ 0.357012, 10.017529 ], [ 0.35745, 10.007885000000101 ], [ 0.3545, 9.995713 ], [ 0.354422, 9.995392 ], [ 0.35219, 9.986186 ], [ 0.353505000000155, 9.977200000000153 ], [ 0.361396, 9.965364000000136 ], [ 0.364999000000125, 9.961474000000123 ], [ 0.365888000000155, 9.960514000000103 ], [ 0.372527, 9.953347 ], [ 0.373142, 9.952683 ], [ 0.376259, 9.949318000000119 ], [ 0.380684, 9.944541000000129 ], [ 0.381177, 9.942677 ], [ 0.381678, 9.940785 ], [ 0.382656, 9.937089000000128 ], [ 0.380245, 9.932486 ], [ 0.374547000000177, 9.927664000000107 ], [ 0.363587000000166, 9.925911 ], [ 0.359861, 9.925034 ], [ 0.357231, 9.9235 ], [ 0.351532, 9.917582 ], [ 0.34890200000018, 9.910568 ], [ 0.34627200000017, 9.883608000000152 ], [ 0.348464000000149, 9.86936100000014 ], [ 0.352300000000128, 9.84097700000018 ], [ 0.352574, 9.840910000000122 ], [ 0.35219, 9.840429000000142 ], [ 0.349340000000154, 9.827498000000105 ], [ 0.338381, 9.811936000000173 ], [ 0.335751, 9.800757 ], [ 0.329833000000122, 9.794401 ], [ 0.326326, 9.785633 ], [ 0.33071, 9.773359 ], [ 0.328737, 9.768756 ], [ 0.323477, 9.768318 ], [ 0.321066, 9.765249000000154 ], [ 0.324354000000142, 9.753414 ], [ 0.319970000000126, 9.736317 ], [ 0.314709, 9.724481 ], [ 0.316902000000141, 9.720317 ], [ 0.320847, 9.718125 ], [ 0.322819000000152, 9.717906 ], [ 0.327422000000126, 9.717906 ], [ 0.33334, 9.717468 ], [ 0.338381, 9.712207 ], [ 0.343861000000174, 9.701029000000176 ], [ 0.345834, 9.686563000000149 ], [ 0.346351000000141, 9.684806 ], [ 0.346382, 9.6847 ], [ 0.346162000000106, 9.684261000000106 ], [ 0.347258, 9.671330000000125 ], [ 0.353834, 9.66848 ], [ 0.357341000000133, 9.664096 ], [ 0.361944000000108, 9.662124000000119 ], [ 0.366178000000161, 9.651436 ], [ 0.3656170000001, 9.650314 ], [ 0.3656170000001, 9.643625000000156 ], [ 0.361603000000173, 9.635598000000186 ], [ 0.359597, 9.630247000000111 ], [ 0.359597, 9.622889 ], [ 0.360266, 9.61954500000013 ], [ 0.3656170000001, 9.61151800000016 ], [ 0.366955000000132, 9.606167 ], [ 0.368012, 9.606128 ], [ 0.367897, 9.605820000000165 ], [ 0.371664, 9.596574 ], [ 0.377144000000101, 9.589039 ], [ 0.376116000000138, 9.58493 ], [ 0.371322, 9.577738000000124 ], [ 0.362417, 9.571916000000158 ], [ 0.36002, 9.571573 ], [ 0.351458, 9.568491000000108 ], [ 0.324745000000178, 9.574655000000121 ], [ 0.318581000000165, 9.574655000000121 ], [ 0.309676, 9.57397 ], [ 0.30282700000015, 9.572601000000134 ], [ 0.297347, 9.572258 ], [ 0.291183, 9.572943 ], [ 0.2881, 9.572601000000134 ], [ 0.282964000000163, 9.573285000000112 ], [ 0.2631, 9.563354000000118 ], [ 0.258305000000178, 9.563354000000118 ], [ 0.256936, 9.562669000000142 ], [ 0.245976, 9.570203000000163 ], [ 0.238099, 9.570546000000149 ], [ 0.235017000000141, 9.567121 ], [ 0.23399, 9.552052 ], [ 0.230223000000137, 9.546915000000126 ], [ 0.22988, 9.541778 ], [ 0.23125, 9.535613 ], [ 0.2329620000001, 9.528421 ], [ 0.233305, 9.525339000000145 ], [ 0.236730000000136, 9.520202 ], [ 0.244949, 9.51575 ], [ 0.260018000000173, 9.515407 ], [ 0.264127000000144, 9.515065 ], [ 0.281593, 9.51814700000017 ], [ 0.287758000000167, 9.51712 ], [ 0.299745, 9.508215000000121 ], [ 0.303169, 9.506846 ], [ 0.305567, 9.503078000000187 ], [ 0.304882, 9.497941 ], [ 0.302485000000104, 9.495886 ], [ 0.300087, 9.493489000000125 ], [ 0.293580000000134, 9.490407000000175 ], [ 0.289813, 9.485612000000117 ], [ 0.285361, 9.484585 ], [ 0.276114, 9.483215 ], [ 0.271662000000106, 9.480475000000126 ], [ 0.267552, 9.474996000000147 ], [ 0.262758, 9.472256 ], [ 0.260018000000173, 9.473283000000151 ], [ 0.255908, 9.474311000000114 ], [ 0.247689, 9.473968000000184 ], [ 0.243922000000111, 9.476023 ], [ 0.238442, 9.479448000000104 ], [ 0.235017000000141, 9.480475000000126 ], [ 0.230223000000137, 9.480133 ], [ 0.225770000000125, 9.478078 ], [ 0.224401000000171, 9.47122800000011 ], [ 0.227140000000134, 9.455132 ], [ 0.243579000000125, 9.438693 ], [ 0.244949, 9.434584 ], [ 0.243579000000125, 9.431501 ], [ 0.245291, 9.429789 ], [ 0.253511000000174, 9.429789 ], [ 0.259675, 9.423282 ], [ 0.270634000000143, 9.423282 ], [ 0.272347, 9.422255000000121 ], [ 0.278511000000151, 9.423967 ], [ 0.313444000000175, 9.440748 ], [ 0.321321000000182, 9.441091 ], [ 0.33125200000012, 9.4452 ], [ 0.33228, 9.446913 ], [ 0.336389000000111, 9.452050000000156 ], [ 0.340156, 9.464379 ], [ 0.344266000000118, 9.468146 ], [ 0.344951, 9.473626000000138 ], [ 0.341184000000169, 9.479105000000118 ], [ 0.340842000000123, 9.482872 ], [ 0.353856, 9.491434 ], [ 0.3655, 9.491434 ], [ 0.381253000000129, 9.489037000000167 ], [ 0.385705, 9.48527 ], [ 0.386733, 9.487667000000158 ], [ 0.396665, 9.489037000000167 ], [ 0.403172, 9.490749 ], [ 0.407281000000182, 9.491092 ], [ 0.417213, 9.495886 ], [ 0.42372, 9.496229000000142 ], [ 0.433652, 9.491434 ], [ 0.445981000000188, 9.493489000000125 ], [ 0.447693, 9.493832 ], [ 0.453515, 9.492119 ], [ 0.460365, 9.486297 ], [ 0.468242, 9.484927 ], [ 0.474064000000112, 9.483215 ], [ 0.478516, 9.47979000000015 ], [ 0.484338, 9.47842 ], [ 0.488448000000119, 9.475338 ], [ 0.49427, 9.468489000000147 ], [ 0.494299000000183, 9.468989000000136 ], [ 0.494334, 9.468887 ], [ 0.502939, 9.459985000000131 ], [ 0.501013, 9.456337000000133 ], [ 0.499659000000122, 9.441066 ], [ 0.502824000000146, 9.442057 ], [ 0.50769600000018, 9.443061000000171 ], [ 0.512818000000152, 9.443339 ], [ 0.518187000000125, 9.443135 ], [ 0.521861000000172, 9.44122300000015 ], [ 0.529247, 9.431827 ], [ 0.538786, 9.428502 ], [ 0.539223000000163, 9.429188000000181 ], [ 0.547833, 9.425211000000104 ], [ 0.550248, 9.420497000000125 ], [ 0.556493, 9.413442000000146 ], [ 0.562277, 9.404019000000119 ], [ 0.562333, 9.395975000000135 ], [ 0.563362, 9.385099 ], [ 0.56387100000012, 9.383691 ], [ 0.560573, 9.375143 ], [ 0.558267, 9.364244000000156 ], [ 0.556401, 9.358554 ], [ 0.553109000000177, 9.352380000000153 ], [ 0.545533, 9.345703000000128 ], [ 0.543658000000107, 9.341431000000171 ], [ 0.543211, 9.33717 ], [ 0.548097, 9.319696 ], [ 0.544829, 9.31021 ], [ 0.534875000000113, 9.303044000000114 ], [ 0.515516000000105, 9.278778 ], [ 0.508439, 9.269266 ], [ 0.505165, 9.260726 ], [ 0.502897000000132, 9.244623 ], [ 0.515449, 9.2205790000001 ], [ 0.525532000000169, 9.208819000000176 ], [ 0.526513000000136, 9.204567000000111 ], [ 0.514701000000173, 9.191238000000169 ], [ 0.500142, 9.162274 ], [ 0.487826000000155, 9.153199 ], [ 0.484491000000105, 9.153649 ], [ 0.470730000000117, 9.146929 ], [ 0.468863, 9.141711 ], [ 0.476234, 9.109115 ], [ 0.472961000000168, 9.10057600000016 ], [ 0.473223000000189, 9.100412 ], [ 0.472964, 9.100103000000104 ], [ 0.470601000000102, 9.097721 ], [ 0.466327, 9.096271000000115 ], [ 0.460195000000112, 9.088185 ], [ 0.457888, 9.07776 ], [ 0.455545000000143, 9.07253900000012 ], [ 0.454673000000128, 9.061178000000154 ], [ 0.452893, 9.043659000000105 ], [ 0.452949000000103, 9.035616 ], [ 0.453961, 9.027106 ], [ 0.455422000000112, 9.022385 ], [ 0.460740000000101, 9.010593 ], [ 0.466516000000183, 9.001170000000172 ], [ 0.472299000000135, 8.9908 ], [ 0.482385, 8.97762100000017 ], [ 0.491077, 8.959227 ], [ 0.497811000000127, 8.948863000000188 ], [ 0.503591, 8.938492 ], [ 0.508861000000138, 8.933323 ], [ 0.516085, 8.920596000000103 ], [ 0.515689, 8.908764 ], [ 0.516701, 8.899780000000135 ], [ 0.520568000000139, 8.890816 ], [ 0.526798, 8.884233 ], [ 0.527778000000183, 8.8799810000001 ], [ 0.528285, 8.87525200000016 ], [ 0.52689, 8.870511 ], [ 0.523077, 8.871432 ], [ 0.519281, 8.869988 ], [ 0.517422, 8.863351 ], [ 0.518405, 8.858626000000129 ], [ 0.517483000000141, 8.854361 ], [ 0.510867000000189, 8.847693 ], [ 0.50486, 8.842041000000108 ], [ 0.503776, 8.841021 ], [ 0.511378, 8.842491 ], [ 0.524682000000155, 8.844945 ], [ 0.532753, 8.847364 ], [ 0.539388000000145, 8.851194 ], [ 0.544108, 8.856903 ], [ 0.546915000000126, 8.864019 ], [ 0.547435000000178, 8.86454300000014 ], [ 0.54991600000011, 8.871158 ], [ 0.553419, 8.875162000000159 ], [ 0.559926000000189, 8.878665000000126 ], [ 0.56943600000011, 8.878165000000138 ], [ 0.582949000000156, 8.876663 ], [ 0.588216, 8.878506 ], [ 0.590903000000139, 8.879447000000141 ], [ 0.592477, 8.88135 ], [ 0.591961, 8.887498000000164 ], [ 0.590985, 8.891278000000113 ], [ 0.586675, 8.895509 ], [ 0.579043000000127, 8.898298 ], [ 0.578042, 8.905863000000181 ], [ 0.581335, 8.911562000000117 ], [ 0.584165, 8.915366 ], [ 0.587001, 8.918224000000123 ], [ 0.592702000000145, 8.919681 ], [ 0.605992000000185, 8.924972000000139 ], [ 0.613584, 8.928333 ], [ 0.618781000000183, 8.934045 ], [ 0.623034000000189, 8.938804000000118 ], [ 0.628241, 8.943096000000139 ], [ 0.632020000000125, 8.947379000000126 ], [ 0.63381, 8.964900000000114 ], [ 0.63755, 8.975334000000146 ], [ 0.642270000000167, 8.981516 ], [ 0.647975, 8.982499000000189 ], [ 0.655581, 8.983967000000177 ], [ 0.660349000000167, 8.98257800000016 ], [ 0.665040000000147, 8.982802 ], [ 0.670539, 8.987777000000108 ], [ 0.674543, 8.993783000000178 ], [ 0.677546000000177, 9.000290000000177 ], [ 0.68105, 9.004294000000186 ], [ 0.683052, 9.007797 ], [ 0.685054, 9.012803 ], [ 0.691060000000107, 9.014805000000138 ], [ 0.696111, 9.012447 ], [ 0.696333000000152, 9.012617000000148 ], [ 0.701099000000113, 9.011701000000187 ], [ 0.704898, 9.013144 ], [ 0.709655000000168, 9.013647000000105 ], [ 0.713912000000164, 9.017933000000141 ], [ 0.715310000000159, 9.022674 ], [ 0.715432000000135, 9.02453 ], [ 0.715774000000181, 9.02457 ], [ 0.720002, 9.033587 ], [ 0.722341, 9.040227000000186 ], [ 0.725173, 9.044031000000189 ], [ 0.734638000000132, 9.053081 ], [ 0.742755000000102, 9.049345000000187 ], [ 0.747063, 9.045586 ], [ 0.756589, 9.044698 ], [ 0.762746, 9.049941000000103 ], [ 0.767489, 9.052809 ], [ 0.773672, 9.053793000000155 ], [ 0.78036, 9.050048000000118 ], [ 0.781873000000189, 9.036333 ], [ 0.785748000000183, 9.025471000000152 ], [ 0.792891, 9.025041000000101 ], [ 0.809604000000149, 9.016622 ], [ 0.822001, 9.013383 ], [ 0.832001, 9.012969000000112 ], [ 0.842, 9.012555000000134 ], [ 0.851538, 9.009771 ], [ 0.86633200000017, 9.003704 ], [ 0.872932, 9.00429 ], [ 0.873286, 9.004136 ], [ 0.874152, 9.004254 ], [ 0.874466000000155, 9.004242000000147 ], [ 0.87664, 9.004158000000132 ], [ 0.87941700000016, 9.004505 ], [ 0.885064, 9.005211 ], [ 0.891908000000171, 9.006264000000101 ], [ 0.896225000000129, 9.00679 ], [ 0.904227, 9.009212000000105 ], [ 0.908758, 9.00992 ], [ 0.910966, 9.010265 ], [ 0.920021000000133, 9.011739000000148 ], [ 0.926545, 9.012545 ], [ 0.938513000000171, 9.014024000000177 ], [ 0.947293000000116, 9.015109 ], [ 0.949609, 9.01553 ], [ 0.959086000000127, 9.0229 ], [ 0.966562000000124, 9.026796 ], [ 0.969510000000184, 9.030166000000122 ], [ 0.972464000000173, 9.034086000000116 ], [ 0.972866, 9.034619 ], [ 0.97530200000017, 9.037852000000157 ], [ 0.975489000000152, 9.039382000000103 ], [ 0.975519, 9.03962300000012 ], [ 0.976144, 9.044697 ], [ 0.981363000000158, 9.050136000000123 ], [ 0.982277000000124, 9.051089000000104 ], [ 0.982378000000153, 9.051194 ], [ 0.98362, 9.052488 ], [ 0.986667, 9.053077 ], [ 0.992886, 9.054278000000124 ], [ 0.99815, 9.057543000000123 ], [ 0.998764, 9.058401 ], [ 0.99964, 9.058953 ], [ 1.000228, 9.05932300000012 ], [ 1.000278, 9.059288 ], [ 1.000201, 9.059399 ], [ 1.001845, 9.062715000000139 ], [ 1.002161, 9.063158 ], [ 1.003082, 9.068843000000186 ], [ 1.001143, 9.074985 ], [ 0.997295000000179, 9.082064 ], [ 0.991038, 9.093863000000169 ], [ 0.989099, 9.100005000000181 ], [ 0.987628, 9.107570000000123 ], [ 0.987033000000167, 9.128866000000187 ], [ 0.987937, 9.13739 ], [ 0.98740800000013, 9.146853 ], [ 0.985423, 9.161042 ], [ 0.98534, 9.175714 ], [ 0.988605, 9.188038 ], [ 0.993325000000141, 9.195637 ], [ 0.993299, 9.20037 ], [ 0.999936, 9.206087 ], [ 1.006583, 9.20991 ], [ 1.01467, 9.211848000000145 ], [ 1.017876, 9.213641 ], [ 1.019677, 9.213480000000175 ], [ 1.02944, 9.212393000000134 ], [ 1.040912, 9.213596 ], [ 1.055796000000157, 9.22052 ], [ 1.070506, 9.227362 ], [ 1.070724, 9.227717 ], [ 1.072725, 9.227717 ], [ 1.076730000000111, 9.229319 ], [ 1.082736, 9.230120000000113 ], [ 1.087941000000114, 9.229719000000159 ], [ 1.092746000000147, 9.229719000000159 ], [ 1.097951, 9.229319 ], [ 1.102756, 9.228118 ], [ 1.113167, 9.227317 ], [ 1.118773000000147, 9.226116000000104 ], [ 1.123177, 9.223313000000189 ], [ 1.131186, 9.222512 ], [ 1.142797000000144, 9.219709 ], [ 1.159615, 9.216506 ], [ 1.16522, 9.218508 ], [ 1.168424, 9.221711 ], [ 1.172828000000152, 9.226917000000128 ], [ 1.175230000000113, 9.228118 ], [ 1.178434, 9.229319 ], [ 1.182038000000148, 9.232122 ], [ 1.185196000000133, 9.235491 ], [ 1.187578, 9.235347 ], [ 1.189133, 9.235237 ], [ 1.189479000000119, 9.235257000000104 ], [ 1.189679000000126, 9.235285 ], [ 1.189751, 9.235331 ], [ 1.190506, 9.235407 ], [ 1.198132, 9.235635000000116 ], [ 1.200456, 9.232923 ], [ 1.203660000000184, 9.226516000000174 ], [ 1.210066000000154, 9.222912 ], [ 1.222879, 9.227717 ], [ 1.227055000000178, 9.229191000000185 ], [ 1.227062, 9.229262 ], [ 1.233121, 9.234763 ], [ 1.249023, 9.242616 ], [ 1.263654, 9.247761000000139 ], [ 1.268120000000124, 9.249331 ], [ 1.288957, 9.25243 ], [ 1.28868, 9.253174000000172 ], [ 1.288939000000141, 9.253175 ], [ 1.289347, 9.252943 ], [ 1.294553000000121, 9.24974 ], [ 1.302160000000185, 9.248138 ], [ 1.310569000000157, 9.245736 ], [ 1.313772000000142, 9.245736 ], [ 1.326185, 9.248539 ], [ 1.333392, 9.250541000000112 ], [ 1.342602, 9.252543 ], [ 1.343995, 9.252396 ], [ 1.350210000000175, 9.251742 ], [ 1.356216, 9.251742 ], [ 1.36022, 9.251742 ], [ 1.363824, 9.257348 ], [ 1.367828, 9.266157 ], [ 1.371431, 9.26976 ], [ 1.377037000000144, 9.26976 ], [ 1.377838000000168, 9.273364 ], [ 1.378639, 9.28097200000019 ], [ 1.378238, 9.286177 ], [ 1.379439000000104, 9.291783000000123 ], [ 1.383444000000168, 9.300992000000178 ], [ 1.384267, 9.304375000000107 ], [ 1.388775, 9.309271 ], [ 1.4067, 9.320339000000104 ], [ 1.413000000000125, 9.324461 ], [ 1.413074, 9.325017000000116 ], [ 1.407869000000176, 9.335027 ], [ 1.403064000000143, 9.355048000000124 ], [ 1.402663000000189, 9.371064000000104 ], [ 1.402663000000189, 9.381475 ], [ 1.401462, 9.389083 ], [ 1.39986, 9.395089 ], [ 1.401062, 9.399894 ], [ 1.401862000000165, 9.405499000000191 ], [ 1.401862000000165, 9.413107000000139 ], [ 1.401462, 9.416711 ], [ 1.39986, 9.422317 ], [ 1.39986, 9.428323 ], [ 1.400661, 9.434729000000175 ], [ 1.400261, 9.444339 ], [ 1.39825900000011, 9.449945 ], [ 1.39825900000011, 9.453949 ], [ 1.398208000000182, 9.453981 ], [ 1.39821400000011, 9.453996 ], [ 1.394773000000157, 9.479964000000166 ], [ 1.389767, 9.497172 ], [ 1.375375, 9.491227 ], [ 1.365363, 9.485596 ], [ 1.362235, 9.486221 ], [ 1.36065, 9.487014000000102 ], [ 1.35854200000017, 9.490175 ], [ 1.359343, 9.507793 ], [ 1.347732000000121, 9.536622 ], [ 1.342526, 9.545832 ], [ 1.34301, 9.548898 ], [ 1.35854200000017, 9.588675 ], [ 1.366551, 9.611499 ], [ 1.366551, 9.649938 ], [ 1.369754, 9.66155 ], [ 1.366150000000118, 9.682772 ], [ 1.365685, 9.683547 ], [ 1.36575, 9.68357200000014 ], [ 1.363347, 9.697186000000158 ], [ 1.36535, 9.727217000000167 ], [ 1.366150000000118, 9.739630000000147 ], [ 1.366097, 9.739895 ], [ 1.366754000000185, 9.750815000000102 ], [ 1.366119, 9.806606 ], [ 1.365922, 9.807447 ], [ 1.366478, 9.807327 ], [ 1.366475, 9.808047000000101 ], [ 1.36640100000011, 9.823165 ], [ 1.363914, 9.885785000000169 ], [ 1.366421000000173, 9.947709 ], [ 1.366857, 9.974145000000135 ], [ 1.366149, 10.002263000000141 ], [ 1.365115000000117, 10.003277 ], [ 1.364113000000145, 10.012135 ], [ 1.341565, 10.024984000000188 ], [ 1.313664, 10.040879000000132 ], [ 1.310982, 10.042406 ], [ 1.157397, 10.129829 ], [ 1.134927000000175, 10.142609 ], [ 1.001665, 10.218342000000121 ], [ 0.99999, 10.220018 ], [ 0.996769000000143, 10.215187000000185 ], [ 0.993955, 10.217539000000102 ] ] ] } },
{ "type": "Feature", "properties": { "adm1_name": "Maritime", "adm1_name1": null, "adm1_name2": null, "adm1_name3": null, "adm1_pcode": "TG03", "adm0_name": "Togo", "adm0_name1": null, "adm0_name2": null, "adm0_name3": null, "adm0_pcode": "TG", "valid_on": "2021-01-07", "valid_to": null, "area_sqkm": 6383.0780799699996, "version": "v02", "lang": "fr", "lang1": null, "lang2": null, "lang3": null, "adm1_ref_name": "Maritime", "center_lat": 6.515487, "center_lon": 1.21048454 }, "geometry": { "type": "Polygon", "coordinates": [ [ [ 1.599561000000108, 6.831861 ], [ 1.601260000000138, 6.83839 ], [ 1.601905, 6.852814000000137 ], [ 1.595689000000164, 6.863784 ], [ 1.594647000000123, 6.867558 ], [ 1.596348000000148, 6.8734 ], [ 1.606626, 6.883388000000139 ], [ 1.603857, 6.890591000000143 ], [ 1.605555, 6.89712 ], [ 1.605186000000117, 6.906047000000171 ], [ 1.592804, 6.910131 ], [ 1.582478, 6.915938 ], [ 1.576688000000104, 6.922085 ], [ 1.576696, 6.921914000000129 ], [ 1.577700000000164, 6.90885900000012 ], [ 1.569164000000171, 6.906851 ], [ 1.556612, 6.901830000000132 ], [ 1.548077000000148, 6.888776 ], [ 1.542554, 6.875219000000129 ], [ 1.532010000000184, 6.858651000000123 ], [ 1.5194580000001, 6.847605000000101 ], [ 1.499374000000103, 6.836559 ], [ 1.485818000000108, 6.83204000000012 ], [ 1.47122800000011, 6.830095 ], [ 1.470755, 6.830032 ], [ 1.456697, 6.831538000000137 ], [ 1.43812, 6.839069000000109 ], [ 1.421049000000153, 6.843086 ], [ 1.410373, 6.843663 ], [ 1.40523300000018, 6.83681 ], [ 1.384647, 6.830785000000162 ], [ 1.368078000000139, 6.823756000000174 ], [ 1.351008000000149, 6.818735 ], [ 1.339007000000151, 6.809234000000117 ], [ 1.326907000000119, 6.799655 ], [ 1.311201, 6.788708 ], [ 1.309772000000123, 6.788408 ], [ 1.30167200000011, 6.782638000000134 ], [ 1.293767000000116, 6.777007 ], [ 1.284997000000146, 6.769114 ], [ 1.275667000000169, 6.756673 ], [ 1.27517, 6.756010000000117 ], [ 1.274369, 6.756177 ], [ 1.267475, 6.757607000000121 ], [ 1.260217, 6.75868 ], [ 1.251634000000138, 6.761725000000126 ], [ 1.244150000000104, 6.764774000000159 ], [ 1.241716000000167, 6.76916000000017 ], [ 1.240834, 6.770036000000175 ], [ 1.239731, 6.770911 ], [ 1.236220000000174, 6.769360000000177 ], [ 1.230091, 6.762307000000135 ], [ 1.225948, 6.753283000000124 ], [ 1.219596000000138, 6.747107000000142 ], [ 1.215644000000168, 6.745994 ], [ 1.212125000000128, 6.746641000000125 ], [ 1.207497, 6.750139 ], [ 1.203302, 6.755177000000117 ], [ 1.199111000000187, 6.759117000000174 ], [ 1.19271700000013, 6.764366000000166 ], [ 1.188747000000149, 6.768087 ], [ 1.181492, 6.768719 ], [ 1.17884800000013, 6.770247 ], [ 1.173777000000143, 6.774403000000177 ], [ 1.169816, 6.775706000000184 ], [ 1.169367000000136, 6.778121000000112 ], [ 1.165624, 6.779865 ], [ 1.16276, 6.781612000000166 ], [ 1.162088, 6.784905 ], [ 1.15878, 6.787749 ], [ 1.149968000000172, 6.792988 ], [ 1.141831000000138, 6.794056000000182 ], [ 1.138080000000116, 6.797776000000169 ], [ 1.13719, 6.800410000000113 ], [ 1.132997, 6.804788 ], [ 1.126836, 6.806302000000187 ], [ 1.122214, 6.808042000000114 ], [ 1.122039, 6.808033 ], [ 1.121805000000165, 6.808442000000184 ], [ 1.104734000000121, 6.809446 ], [ 1.09761, 6.816519 ], [ 1.095136, 6.818482 ], [ 1.092461000000185, 6.827918000000125 ], [ 1.079006000000163, 6.839509 ], [ 1.070843, 6.846727000000101 ], [ 1.06863200000015, 6.850014000000101 ], [ 1.064001000000133, 6.85373 ], [ 1.060026, 6.858108000000129 ], [ 1.056940000000111, 6.860293 ], [ 1.051434, 6.862687000000108 ], [ 1.036719000000176, 6.869355 ], [ 1.036786, 6.869987000000151 ], [ 1.033484, 6.871072 ], [ 1.027998, 6.868853000000115 ], [ 1.018123, 6.864692 ], [ 1.004393, 6.862439000000165 ], [ 0.997250000000179, 6.862134 ], [ 0.984896000000106, 6.859611000000143 ], [ 0.976389, 6.857104 ], [ 0.962378000000172, 6.856495 ], [ 0.960199, 6.855804 ], [ 0.960199, 6.850245 ], [ 0.961485, 6.841569 ], [ 0.961485, 6.829037000000142 ], [ 0.963211000000172, 6.821054 ], [ 0.964056, 6.817147 ], [ 0.961163, 6.811685 ], [ 0.951523000000179, 6.807829 ], [ 0.93738500000012, 6.800117 ], [ 0.923567, 6.789191000000187 ], [ 0.916714, 6.785142000000178 ], [ 0.909428000000105, 6.780837000000133 ], [ 0.896983000000148, 6.769987000000185 ], [ 0.8973, 6.769436 ], [ 0.899407000000167, 6.760660000000144 ], [ 0.900986, 6.743459000000144 ], [ 0.900811000000147, 6.732226 ], [ 0.899582, 6.720642000000169 ], [ 0.899515, 6.720498000000134 ], [ 0.899741, 6.718411000000117 ], [ 0.899769000000106, 6.71204 ], [ 0.900236000000177, 6.705452 ], [ 0.90008, 6.703014000000167 ], [ 0.893219000000101, 6.702126 ], [ 0.887292000000173, 6.700783000000115 ], [ 0.884656, 6.700552 ], [ 0.881136, 6.701635000000124 ], [ 0.8801, 6.70151 ], [ 0.877116, 6.697824 ], [ 0.874307000000101, 6.694665 ], [ 0.872552, 6.689926000000128 ], [ 0.872201000000132, 6.684133 ], [ 0.870446, 6.676586 ], [ 0.868515000000173, 6.669039000000168 ], [ 0.867111, 6.663597 ], [ 0.86676, 6.659561 ], [ 0.866200000000106, 6.655503000000181 ], [ 0.865905, 6.654796 ], [ 0.865287, 6.653795 ], [ 0.864404, 6.652587 ], [ 0.863461000000143, 6.651498 ], [ 0.862224, 6.649819 ], [ 0.861400000000117, 6.648524 ], [ 0.861076000000139, 6.647876 ], [ 0.860988, 6.647493000000168 ], [ 0.860988, 6.647228 ], [ 0.861046000000158, 6.647081000000185 ], [ 0.861105, 6.646998 ], [ 0.861228, 6.646989 ], [ 0.861378000000116, 6.647064 ], [ 0.861529000000132, 6.64697 ], [ 0.861529000000132, 6.64665 ], [ 0.861134000000163, 6.645802 ], [ 0.857616, 6.635343 ], [ 0.854920000000106, 6.629502000000173 ], [ 0.853122, 6.627143 ], [ 0.849865, 6.624222 ], [ 0.846832, 6.621526000000131 ], [ 0.845371000000114, 6.619280000000117 ], [ 0.842942, 6.615194 ], [ 0.841398, 6.612666 ], [ 0.839993000000106, 6.607892 ], [ 0.837045000000103, 6.598765000000185 ], [ 0.8355, 6.596097 ], [ 0.833113, 6.587391 ], [ 0.832832, 6.584162 ], [ 0.832411, 6.578545000000133 ], [ 0.83177, 6.576359000000139 ], [ 0.830024, 6.570401000000118 ], [ 0.828339, 6.565767 ], [ 0.823523, 6.557951 ], [ 0.82021600000013, 6.554 ], [ 0.816657, 6.552719 ], [ 0.811179, 6.551711000000182 ], [ 0.808933, 6.550998000000163 ], [ 0.803448, 6.551536 ], [ 0.800358, 6.550961 ], [ 0.798389, 6.551093 ], [ 0.795734, 6.550635000000113 ], [ 0.7915220000001, 6.546282 ], [ 0.785499000000186, 6.541335000000174 ], [ 0.778356, 6.53554000000014 ], [ 0.772748000000149, 6.532141 ], [ 0.768123000000116, 6.528887000000168 ], [ 0.763919, 6.526057 ], [ 0.76125, 6.52562300000011 ], [ 0.758014000000173, 6.526311 ], [ 0.75534, 6.527002000000152 ], [ 0.752387000000169, 6.527270000000101 ], [ 0.747053, 6.5257 ], [ 0.743266, 6.523715000000152 ], [ 0.737227000000132, 6.522423000000174 ], [ 0.734843, 6.521287000000143 ], [ 0.731617, 6.519726000000162 ], [ 0.728527, 6.519291 ], [ 0.726417, 6.519703 ], [ 0.721501000000103, 6.518837000000133 ], [ 0.718835000000126, 6.517701000000102 ], [ 0.718738000000144, 6.517526 ], [ 0.71859000000012, 6.513448 ], [ 0.719716, 6.507138 ], [ 0.721115000000168, 6.501378000000102 ], [ 0.724472000000105, 6.48739 ], [ 0.726953, 6.485205 ], [ 0.727804000000106, 6.478893 ], [ 0.741332000000114, 6.461655000000178 ], [ 0.74856, 6.441094 ], [ 0.756837000000132, 6.43152 ], [ 0.7626, 6.43182 ], [ 0.776092, 6.422268 ], [ 0.782434, 6.415706000000114 ], [ 0.786051, 6.404463000000135 ], [ 0.788361, 6.400573000000179 ], [ 0.788863000000163, 6.398829 ], [ 0.799058000000116, 6.396728000000167 ], [ 0.812465, 6.395712000000117 ], [ 0.823730000000126, 6.394151 ], [ 0.835006000000135, 6.389908 ], [ 0.843061000000148, 6.386724 ], [ 0.859731, 6.374458000000175 ], [ 0.869957000000113, 6.364847 ], [ 0.893121000000178, 6.337052 ], [ 0.903908, 6.321005 ], [ 0.929634, 6.322181000000171 ], [ 0.961259000000155, 6.322843 ], [ 0.965548, 6.322859000000108 ], [ 0.965482000000122, 6.323484000000121 ], [ 0.967692, 6.322868 ], [ 0.9961, 6.324051000000168 ], [ 1.00212, 6.306544 ], [ 1.002435, 6.306653 ], [ 1.002743, 6.305180000000178 ], [ 1.02561900000012, 6.243476 ], [ 1.029751, 6.239372000000117 ], [ 1.04056, 6.234014000000172 ], [ 1.04144, 6.232550000000174 ], [ 1.048658, 6.228801000000146 ], [ 1.058295000000157, 6.220254000000125 ], [ 1.081424, 6.180172 ], [ 1.08475, 6.172836000000189 ], [ 1.084511, 6.170392000000106 ], [ 1.084979, 6.168375 ], [ 1.085507423000081, 6.164889029000165 ], [ 1.085880995000082, 6.162474156000087 ], [ 1.091168047000053, 6.158789158000047 ], [ 1.097267940000165, 6.158055430000047 ], [ 1.103399359000093, 6.157317910000131 ], [ 1.106572986, 6.156936169000119 ], [ 1.113848553000082, 6.157111753000038 ], [ 1.12389879400007, 6.157354299000076 ], [ 1.124968052000042, 6.15738010400014 ], [ 1.129209729000081, 6.156816887000161 ], [ 1.132490537000137, 6.156381254999985 ], [ 1.138074894000056, 6.155639754000049 ], [ 1.140861130000189, 6.155269793000059 ], [ 1.145889998000087, 6.15460205100004 ], [ 1.15107945200009, 6.155580525 ], [ 1.156009486000187, 6.156510085000036 ], [ 1.160243175000062, 6.156571267000118 ], [ 1.165897012000073, 6.156652928000028 ], [ 1.171182037000108, 6.154808998000021 ], [ 1.173686951999969, 6.15483469000003 ], [ 1.177376558999981, 6.154872532000127 ], [ 1.180055001000085, 6.154900004000126 ], [ 1.183148585000083, 6.154931733000183 ], [ 1.187071840999977, 6.154971949000128 ], [ 1.189630102000024, 6.154998139000156 ], [ 1.191648961000169, 6.155018806000157 ], [ 1.191657765000173, 6.151643756000169 ], [ 1.191668115000141, 6.147717968000052 ], [ 1.191677262000098, 6.14426808900015 ], [ 1.191690826000183, 6.13915228400009 ], [ 1.191702813000177, 6.134630867000169 ], [ 1.191716061000022, 6.129634192000026 ], [ 1.191725681000094, 6.126005854000027 ], [ 1.191736879000132, 6.12178218300005 ], [ 1.191741992000118, 6.119853970000122 ], [ 1.191747590000034, 6.117742292000173 ], [ 1.191751928000087, 6.116106424000179 ], [ 1.191756580000117, 6.114351505 ], [ 1.191762653000126, 6.112061132000122 ], [ 1.191769958000123, 6.109305859000187 ], [ 1.193268358000125, 6.109322970000051 ], [ 1.194369734000134, 6.109335547000114 ], [ 1.196370595000019, 6.109325843000022 ], [ 1.19763209000007, 6.109417699000176 ], [ 1.200155338000116, 6.10964976300005 ], [ 1.203702156000134, 6.109968000000151 ], [ 1.204031000000157, 6.110078 ], [ 1.209181000000115, 6.112323000000117 ], [ 1.212544, 6.113616 ], [ 1.21421, 6.114531 ], [ 1.215045, 6.114515000000154 ], [ 1.217407, 6.115721000000121 ], [ 1.220334, 6.116761000000167 ], [ 1.22227, 6.117631 ], [ 1.224121, 6.118946000000108 ], [ 1.226752, 6.119939 ], [ 1.228605000000186, 6.120716 ], [ 1.230292000000134, 6.121158 ], [ 1.231264000000124, 6.121783 ], [ 1.232056, 6.122159 ], [ 1.234321, 6.123 ], [ 1.236556, 6.123026 ], [ 1.237863, 6.123383 ], [ 1.239206000000138, 6.123899000000108 ], [ 1.240142000000162, 6.124254 ], [ 1.240374000000145, 6.124394 ], [ 1.241864, 6.125235 ], [ 1.243552, 6.125538 ], [ 1.244282, 6.125768 ], [ 1.244988, 6.126016000000163 ], [ 1.246532, 6.126332 ], [ 1.248083000000122, 6.126871 ], [ 1.249696, 6.127452000000119 ], [ 1.250048000000163, 6.127629 ], [ 1.252187, 6.128621 ], [ 1.253817, 6.129545000000121 ], [ 1.255623000000128, 6.130247000000111 ], [ 1.257160000000113, 6.131246000000147 ], [ 1.258679, 6.131984000000102 ], [ 1.261423, 6.13255 ], [ 1.26323, 6.133095 ], [ 1.264555, 6.133637 ], [ 1.266176, 6.134274 ], [ 1.268446, 6.135089000000164 ], [ 1.269939, 6.135447000000113 ], [ 1.270671000000164, 6.135672 ], [ 1.273016, 6.136422000000152 ], [ 1.275806000000102, 6.137081000000137 ], [ 1.276927000000114, 6.137605000000121 ], [ 1.278558, 6.138112 ], [ 1.280308000000105, 6.139009000000158 ], [ 1.282272, 6.139841 ], [ 1.282476, 6.139963 ], [ 1.284522, 6.141130000000146 ], [ 1.286856000000114, 6.142372 ], [ 1.288488000000143, 6.142684 ], [ 1.289759000000117, 6.142474000000107 ], [ 1.2909, 6.142496000000165 ], [ 1.292585, 6.142824000000132 ], [ 1.293950000000166, 6.143305000000169 ], [ 1.295006000000114, 6.143791 ], [ 1.297471, 6.144597 ], [ 1.299915, 6.145384 ], [ 1.302392, 6.146256 ], [ 1.305032000000153, 6.147212000000138 ], [ 1.307433, 6.147907 ], [ 1.308851000000118, 6.148459 ], [ 1.310176000000126, 6.148834 ], [ 1.31427200000013, 6.150157 ], [ 1.315397000000132, 6.150601 ], [ 1.3172560000001, 6.151336 ], [ 1.319814000000179, 6.151985000000138 ], [ 1.320703, 6.152452 ], [ 1.321722000000136, 6.152975 ], [ 1.323872, 6.153687000000104 ], [ 1.324919000000136, 6.154108000000122 ], [ 1.326875, 6.154662000000144 ], [ 1.330814, 6.156086000000187 ], [ 1.332111000000111, 6.156582000000185 ], [ 1.332732, 6.156788000000176 ], [ 1.337236000000189, 6.158325000000161 ], [ 1.339181000000167, 6.159204 ], [ 1.340868000000114, 6.1596550000001 ], [ 1.342403000000104, 6.160262 ], [ 1.345119000000125, 6.160703000000126 ], [ 1.345859, 6.161014 ], [ 1.347431, 6.161760000000186 ], [ 1.349682, 6.162602 ], [ 1.352345, 6.163475000000119 ], [ 1.35511, 6.164441000000124 ], [ 1.357082000000162, 6.165405000000135 ], [ 1.359056, 6.166153 ], [ 1.362481000000116, 6.166812 ], [ 1.365536000000134, 6.167131 ], [ 1.367108, 6.167784000000154 ], [ 1.37158200000016, 6.168848 ], [ 1.372969000000182, 6.169532000000174 ], [ 1.374295, 6.169938 ], [ 1.376488000000165, 6.170664 ], [ 1.380373, 6.171316000000161 ], [ 1.384845, 6.172751 ], [ 1.387189, 6.173407000000168 ], [ 1.389286, 6.174155 ], [ 1.392754, 6.17516 ], [ 1.396356, 6.176232000000141 ], [ 1.399143, 6.177046000000189 ], [ 1.404416, 6.177389000000119 ], [ 1.406474, 6.177904000000126 ], [ 1.407975, 6.178333 ], [ 1.414020000000164, 6.179276000000129 ], [ 1.430227000000173, 6.181848000000116 ], [ 1.432585, 6.182234 ], [ 1.433357000000171, 6.18232 ], [ 1.433484, 6.182313 ], [ 1.433627000000115, 6.182365 ], [ 1.456345, 6.186294 ], [ 1.468777, 6.188047 ], [ 1.500483, 6.198868 ], [ 1.533492, 6.20454 ], [ 1.542068, 6.204993 ], [ 1.558345, 6.212763 ], [ 1.587501, 6.216276000000107 ], [ 1.587449000000163, 6.216737 ], [ 1.587633, 6.216630000000123 ], [ 1.589564000000166, 6.216934 ], [ 1.60695, 6.219670000000121 ], [ 1.619419, 6.223301000000163 ], [ 1.627665, 6.225702 ], [ 1.629379, 6.242409 ], [ 1.648039000000153, 6.248396000000128 ], [ 1.648163000000125, 6.248436 ], [ 1.668195, 6.247608000000128 ], [ 1.680652000000123, 6.25432 ], [ 1.684120000000178, 6.253729 ], [ 1.689793, 6.252761 ], [ 1.694615, 6.256729 ], [ 1.709901, 6.256766 ], [ 1.736414000000138, 6.264567 ], [ 1.749225, 6.271279 ], [ 1.764159000000177, 6.271842000000106 ], [ 1.769071000000167, 6.27519400000017 ], [ 1.770285, 6.281878 ], [ 1.799984000000165, 6.280892 ], [ 1.80718000000013, 6.284425000000113 ], [ 1.807527, 6.286360000000172 ], [ 1.805496, 6.291015 ], [ 1.801451, 6.292412000000184 ], [ 1.795649000000139, 6.29363 ], [ 1.791378, 6.300133 ], [ 1.789654, 6.302759 ], [ 1.797903, 6.306822000000182 ], [ 1.798415, 6.313505000000134 ], [ 1.795056000000102, 6.322464000000139 ], [ 1.792405000000144, 6.328788 ], [ 1.786950000000161, 6.33194 ], [ 1.782715, 6.339139000000102 ], [ 1.784295, 6.339846 ], [ 1.787801, 6.343898 ], [ 1.789368, 6.349880000000155 ], [ 1.785118, 6.363936000000137 ], [ 1.781931, 6.37395 ], [ 1.779113, 6.376405000000148 ], [ 1.772425, 6.380258 ], [ 1.770816000000139, 6.391682000000117 ], [ 1.774325, 6.39415200000019 ], [ 1.769216, 6.399239 ], [ 1.769538, 6.411547 ], [ 1.775335, 6.412792 ], [ 1.775856, 6.415782 ], [ 1.77563, 6.417553000000169 ], [ 1.777521000000149, 6.417558 ], [ 1.780587, 6.421302 ], [ 1.780794, 6.426797000000136 ], [ 1.776393, 6.429423000000156 ], [ 1.772667000000183, 6.425898000000188 ], [ 1.764754, 6.427198 ], [ 1.757708, 6.433554000000186 ], [ 1.753945000000101, 6.445193 ], [ 1.753053, 6.450466 ], [ 1.754360000000133, 6.455084 ], [ 1.75303, 6.459697000000176 ], [ 1.750823, 6.464087000000177 ], [ 1.744654, 6.470885 ], [ 1.740689, 6.474831 ], [ 1.736295, 6.47438 ], [ 1.733873, 6.476352000000134 ], [ 1.737597000000164, 6.480977000000166 ], [ 1.735168000000101, 6.486026000000152 ], [ 1.73033, 6.487552000000107 ], [ 1.72878, 6.491944 ], [ 1.728990000000124, 6.49612 ], [ 1.727226, 6.498533 ], [ 1.725899, 6.501826 ], [ 1.722604, 6.501598000000172 ], [ 1.721293000000117, 6.498518 ], [ 1.719543000000101, 6.495437 ], [ 1.716903000000173, 6.49652900000018 ], [ 1.712499, 6.500254 ], [ 1.708767, 6.498926 ], [ 1.705914, 6.497600000000148 ], [ 1.703273, 6.499132 ], [ 1.695579, 6.500430000000165 ], [ 1.69425, 6.504603000000145 ], [ 1.694237, 6.509657000000118 ], [ 1.696865, 6.512961000000132 ], [ 1.702359, 6.512975 ], [ 1.701859, 6.536270000000115 ], [ 1.695689000000129, 6.542847 ], [ 1.698533, 6.548129 ], [ 1.696544000000131, 6.552299000000176 ], [ 1.696321000000182, 6.553398000000129 ], [ 1.687750000000108, 6.553595 ], [ 1.683996, 6.560618000000147 ], [ 1.673899, 6.55619600000017 ], [ 1.670823, 6.555968000000121 ], [ 1.668400000000133, 6.55794 ], [ 1.66640800000016, 6.563429 ], [ 1.674184, 6.573009 ], [ 1.675705, 6.579606000000183 ], [ 1.674157, 6.583119 ], [ 1.670195000000149, 6.585526 ], [ 1.662726, 6.584187000000156 ], [ 1.65899700000017, 6.581540000000189 ], [ 1.65615, 6.577796 ], [ 1.650654, 6.57888 ], [ 1.643616000000122, 6.580839 ], [ 1.641413000000114, 6.582811000000163 ], [ 1.641036, 6.583085 ], [ 1.636632000000134, 6.600499000000127 ], [ 1.633054000000186, 6.602687000000174 ], [ 1.627009, 6.603219000000138 ], [ 1.621795000000134, 6.601282 ], [ 1.618488, 6.604844000000128 ], [ 1.616008, 6.607584000000145 ], [ 1.612428000000136, 6.610871 ], [ 1.612961, 6.616641 ], [ 1.610747000000117, 6.622404000000131 ], [ 1.610191000000157, 6.624875000000145 ], [ 1.608537, 6.626793 ], [ 1.603032, 6.630349 ], [ 1.603014000000144, 6.636941 ], [ 1.608228, 6.638879000000145 ], [ 1.61151800000016, 6.641635 ], [ 1.603755, 6.666337 ], [ 1.593564, 6.675373 ], [ 1.59024200000016, 6.684154 ], [ 1.579248000000177, 6.685496 ], [ 1.577691000000129, 6.685706 ], [ 1.573793, 6.688854 ], [ 1.576526, 6.693806000000166 ], [ 1.58119900000014, 6.69327 ], [ 1.584747, 6.701522000000182 ], [ 1.589689, 6.702909 ], [ 1.592152, 6.706213000000162 ], [ 1.591021000000126, 6.71719800000011 ], [ 1.59292, 6.725994000000128 ], [ 1.600064000000145, 6.726014 ], [ 1.608286, 6.733729 ], [ 1.614044, 6.73786600000011 ], [ 1.619530000000111, 6.741453 ], [ 1.620892, 6.745578000000137 ], [ 1.618129, 6.750789000000168 ], [ 1.620589, 6.755466 ], [ 1.624993, 6.759647000000143 ], [ 1.625876000000119, 6.759826 ], [ 1.622084, 6.764623 ], [ 1.608327, 6.770421 ], [ 1.608650000000182, 6.777633 ], [ 1.610007, 6.783474 ], [ 1.613420000000133, 6.791382000000112 ], [ 1.6113390000001, 6.798244000000125 ], [ 1.60892900000016, 6.799954 ], [ 1.598621, 6.800611 ], [ 1.596887, 6.806443000000115 ], [ 1.597513000000106, 6.808337000000165 ], [ 1.598930000000109, 6.812630000000127 ], [ 1.604071, 6.816765 ], [ 1.608188000000155, 6.818837000000144 ], [ 1.61504, 6.825381000000164 ], [ 1.613312, 6.82881 ], [ 1.611595000000136, 6.828462000000172 ], [ 1.603698, 6.827066000000116 ], [ 1.599561000000108, 6.831861 ] ] ] } },
{ "type": "Feature", "properties": { "adm1_name": "Plateaux", "adm1_name1": null, "adm1_name2": null, "adm1_name3": null, "adm1_pcode": "TG04", "adm0_name": "Togo", "adm0_name1": null, "adm0_name2": null, "adm0_name3": null, "adm0_pcode": "TG", "valid_on": "2021-01-07", "valid_to": null, "area_sqkm": 17406.519736359998, "version": "v02", "lang": "fr", "lang1": null, "lang2": null, "lang3": null, "adm1_ref_name": "Plateaux", "center_lat": 7.4959775, "center_lon": 1.0952789 }, "geometry": { "type": "Polygon", "coordinates": [ [ [ 1.626810000000148, 8.379891 ], [ 1.629622, 8.392343 ], [ 1.633237, 8.403991000000133 ], [ 1.637254, 8.410418 ], [ 1.643681000000186, 8.413229000000115 ], [ 1.646091, 8.417246000000148 ], [ 1.645287, 8.424074000000189 ], [ 1.643279000000121, 8.427288 ], [ 1.639664000000153, 8.43251 ], [ 1.640869, 8.43974 ], [ 1.642877000000112, 8.455003 ], [ 1.646091, 8.467455 ], [ 1.646401, 8.469837000000155 ], [ 1.650547000000188, 8.47829 ], [ 1.649922000000174, 8.47812400000015 ], [ 1.619587, 8.47007 ], [ 1.593833, 8.455276 ], [ 1.571093, 8.449796 ], [ 1.565065000000118, 8.448152 ], [ 1.547257000000172, 8.442947000000174 ], [ 1.538489, 8.4402070000001 ], [ 1.534105000000181, 8.439111 ], [ 1.528078000000107, 8.438015000000121 ], [ 1.52479, 8.437741000000187 ], [ 1.52287200000012, 8.436371000000179 ], [ 1.518489, 8.433905 ], [ 1.515749, 8.431439000000125 ], [ 1.513009000000125, 8.428152000000125 ], [ 1.50068, 8.40322 ], [ 1.492461000000105, 8.394726 ], [ 1.489995, 8.392808000000116 ], [ 1.487803, 8.389795 ], [ 1.485063000000139, 8.384589 ], [ 1.48342, 8.382397 ], [ 1.478475, 8.377636000000166 ], [ 1.476022000000114, 8.375274000000104 ], [ 1.473129, 8.371855 ], [ 1.47279, 8.371923000000152 ], [ 1.469366, 8.368156 ], [ 1.462859, 8.365759000000139 ], [ 1.454982, 8.363704 ], [ 1.44642, 8.361991000000103 ], [ 1.441968000000145, 8.361649 ], [ 1.435118, 8.361991000000103 ], [ 1.424502, 8.362334 ], [ 1.417995, 8.362676000000135 ], [ 1.413542, 8.363019 ], [ 1.404981000000134, 8.362676000000135 ], [ 1.393336, 8.360279 ], [ 1.388884000000132, 8.358909 ], [ 1.384775000000161, 8.355142 ], [ 1.37861, 8.354799000000128 ], [ 1.371418, 8.354799000000128 ], [ 1.363884, 8.351032 ], [ 1.359432, 8.351032 ], [ 1.357377, 8.351032 ], [ 1.33854, 8.359594 ], [ 1.334773, 8.358224000000178 ], [ 1.331006, 8.358224000000178 ], [ 1.322444000000189, 8.358567000000164 ], [ 1.320047000000102, 8.357882000000131 ], [ 1.311143, 8.363361000000111 ], [ 1.3108, 8.366101000000185 ], [ 1.306005, 8.365416 ], [ 1.304978000000119, 8.364731000000177 ], [ 1.302238, 8.366444000000115 ], [ 1.297786, 8.365416 ], [ 1.295046, 8.365759000000139 ], [ 1.292649000000154, 8.366101000000185 ], [ 1.28785500000015, 8.366444000000115 ], [ 1.283745, 8.367128 ], [ 1.282032000000129, 8.367813 ], [ 1.277580000000171, 8.372608000000184 ], [ 1.259429, 8.372266 ], [ 1.244703, 8.372951000000114 ], [ 1.228949, 8.378430000000151 ], [ 1.229067, 8.378174 ], [ 1.236826, 8.361306000000127 ], [ 1.235369000000105, 8.359717000000103 ], [ 1.233059000000139, 8.357197 ], [ 1.231004, 8.353772 ], [ 1.229634, 8.350005000000124 ], [ 1.229292, 8.346923 ], [ 1.230831, 8.34138 ], [ 1.231004, 8.340758000000108 ], [ 1.231004, 8.330484000000183 ], [ 1.229634, 8.325689000000125 ], [ 1.229292, 8.301373000000126 ], [ 1.229976000000136, 8.295894 ], [ 1.232374000000107, 8.289387 ], [ 1.234086, 8.287675 ], [ 1.237511, 8.283222 ], [ 1.239223000000152, 8.277058000000181 ], [ 1.240084000000138, 8.275050000000135 ], [ 1.242707000000109, 8.273243 ], [ 1.248719000000165, 8.26938900000016 ], [ 1.251493, 8.265536 ], [ 1.254576, 8.260141 ], [ 1.25735, 8.254284 ], [ 1.258702000000142, 8.249912000000108 ], [ 1.259903, 8.246026000000143 ], [ 1.260182, 8.245829000000185 ], [ 1.256117000000131, 8.244419 ], [ 1.250877000000173, 8.242107 ], [ 1.247023000000183, 8.239024 ], [ 1.246026, 8.237413000000174 ], [ 1.245547, 8.234224 ], [ 1.243851, 8.227441000000169 ], [ 1.24288300000012, 8.220415 ], [ 1.243367, 8.216539000000182 ], [ 1.246274, 8.210483 ], [ 1.251846, 8.204184 ], [ 1.256207000000131, 8.201277 ], [ 1.260325000000137, 8.199097000000108 ], [ 1.262748, 8.193525 ], [ 1.264443, 8.186257000000182 ], [ 1.264336000000185, 8.177142 ], [ 1.264201, 8.165665000000104 ], [ 1.263717000000156, 8.157913000000121 ], [ 1.262748, 8.153552000000104 ], [ 1.262263, 8.151372 ], [ 1.259356, 8.146527 ], [ 1.258629000000155, 8.14240800000016 ], [ 1.257176000000186, 8.135867000000189 ], [ 1.256449, 8.132476000000111 ], [ 1.256207000000131, 8.123512 ], [ 1.256449, 8.114549 ], [ 1.256207000000131, 8.106554 ], [ 1.255476, 8.103631000000178 ], [ 1.254641, 8.102357 ], [ 1.247858000000122, 8.099692 ], [ 1.241317, 8.099934000000189 ], [ 1.233807000000184, 8.098965 ], [ 1.230416000000105, 8.095573000000115 ], [ 1.230416000000105, 8.09194 ], [ 1.230788000000132, 8.091664000000151 ], [ 1.236956000000134, 8.087094 ], [ 1.241559000000166, 8.085156 ], [ 1.2481, 8.082007000000146 ], [ 1.250703, 8.07832 ], [ 1.250998, 8.074939 ], [ 1.252210000000161, 8.069125 ], [ 1.250998, 8.056770000000142 ], [ 1.248576, 8.051925 ], [ 1.245911, 8.04901800000016 ], [ 1.238643, 8.040539 ], [ 1.235736, 8.037147000000118 ], [ 1.234763, 8.032282 ], [ 1.226591000000155, 8.031192000000146 ], [ 1.220913, 8.032707 ], [ 1.21675, 8.033464 ], [ 1.211829, 8.0293 ], [ 1.208043, 8.025136 ], [ 1.206151, 8.024379 ], [ 1.197445000000187, 8.015294000000154 ], [ 1.195552, 8.000532000000135 ], [ 1.18571, 7.989933000000178 ], [ 1.169812, 7.985391 ], [ 1.154292000000169, 7.972521 ], [ 1.148562, 7.966074000000106 ], [ 1.148236, 7.965707000000123 ], [ 1.141801000000157, 7.961922000000129 ], [ 1.125146, 7.957758 ], [ 1.117575000000102, 7.957001000000105 ], [ 1.110383000000127, 7.955487 ], [ 1.100542000000189, 7.954351 ], [ 1.094654, 7.952716000000123 ], [ 1.094485000000134, 7.952459 ], [ 1.083887, 7.950566 ], [ 1.074423, 7.949052 ], [ 1.062689, 7.949431000000118 ], [ 1.05928200000011, 7.94980900000013 ], [ 1.052090000000135, 7.954730000000154 ], [ 1.043762000000129, 7.958515000000148 ], [ 1.038468000000137, 7.960595000000126 ], [ 1.033760000000143, 7.962445 ], [ 1.033198, 7.962494 ], [ 1.029867, 7.964311 ], [ 1.026839, 7.964916 ], [ 1.018057000000113, 7.966430000000116 ], [ 1.005339000000106, 7.967642000000183 ], [ 0.988986000000125, 7.971578 ], [ 0.979296, 7.974304000000188 ], [ 0.969908, 7.978846000000146 ], [ 0.963246, 7.980966 ], [ 0.949316000000181, 7.976121 ], [ 0.946288, 7.974909 ], [ 0.940838000000156, 7.971578 ], [ 0.93084400000015, 7.967944000000102 ], [ 0.919034000000181, 7.964613 ], [ 0.912675, 7.964613 ], [ 0.899048000000107, 7.961282 ], [ 0.895111000000156, 7.960980000000177 ], [ 0.884512, 7.959465 ], [ 0.868160000000103, 8.02215 ], [ 0.861801, 8.031840000000102 ], [ 0.85317, 8.035928000000126 ], [ 0.841058000000146, 8.038048 ], [ 0.837123, 8.038742 ], [ 0.833532, 8.016544000000181 ], [ 0.834501000000103, 8.013879 ], [ 0.835228, 8.006611 ], [ 0.834259000000145, 8.002008 ], [ 0.831594000000109, 7.998616 ], [ 0.833878, 7.993922000000168 ], [ 0.833121000000119, 7.98938 ], [ 0.831109, 7.983839 ], [ 0.830625, 7.978509000000145 ], [ 0.83014, 7.974391000000139 ], [ 0.830850000000169, 7.972725000000139 ], [ 0.831606, 7.968182000000127 ], [ 0.829714000000138, 7.962505 ], [ 0.827821, 7.957962 ], [ 0.825929000000144, 7.95379800000012 ], [ 0.820629, 7.948499 ], [ 0.809274, 7.942443000000139 ], [ 0.796025000000157, 7.938279 ], [ 0.774565, 7.932741000000135 ], [ 0.773065, 7.932354 ], [ 0.772542000000158, 7.933138 ], [ 0.761223, 7.937745 ], [ 0.758463000000177, 7.939124000000106 ], [ 0.747622, 7.942222000000129 ], [ 0.744672, 7.943921 ], [ 0.744538, 7.943964 ], [ 0.744471000000146, 7.943915 ], [ 0.744453, 7.94387300000011 ], [ 0.744471000000146, 7.943836 ], [ 0.744495, 7.943806000000109 ], [ 0.744507000000112, 7.943757000000119 ], [ 0.744495, 7.943666 ], [ 0.744386, 7.943599 ], [ 0.739433, 7.945112000000165 ], [ 0.737103000000161, 7.946044 ], [ 0.734354, 7.947266 ], [ 0.723063, 7.949923000000126 ], [ 0.717291000000102, 7.950013000000126 ], [ 0.712645000000123, 7.951861 ], [ 0.710099000000127, 7.958719000000144 ], [ 0.709532000000138, 7.964587 ], [ 0.70139300000011, 7.963262000000157 ], [ 0.696472, 7.961747 ], [ 0.692876, 7.959666 ], [ 0.690037000000189, 7.955691 ], [ 0.689687, 7.95151600000014 ], [ 0.689659000000177, 7.947742000000176 ], [ 0.690565, 7.942659 ], [ 0.695147, 7.936197 ], [ 0.700068000000101, 7.921056 ], [ 0.684927000000187, 7.902129000000173 ], [ 0.678681, 7.897019000000114 ], [ 0.66619, 7.893991 ], [ 0.654077, 7.893613 ], [ 0.639693, 7.893991 ], [ 0.636246, 7.893553 ], [ 0.616015000000118, 7.890984000000117 ], [ 0.615846, 7.890584000000104 ], [ 0.616224, 7.884528000000103 ], [ 0.618117000000154, 7.880364 ], [ 0.618174, 7.880421000000126 ], [ 0.621902000000148, 7.859545 ], [ 0.615846, 7.836455000000171 ], [ 0.615468, 7.831913 ], [ 0.615846, 7.824721 ], [ 0.613953, 7.814122 ], [ 0.613575, 7.797845000000166 ], [ 0.610546, 7.789139000000148 ], [ 0.609033, 7.786111 ], [ 0.609411, 7.778919 ], [ 0.612439000000165, 7.77589 ], [ 0.614710000000116, 7.77248400000019 ], [ 0.615846, 7.769077 ], [ 0.614381, 7.761018 ], [ 0.614052, 7.760293000000104 ], [ 0.611899000000108, 7.757781 ], [ 0.60828400000014, 7.752961 ], [ 0.60828400000014, 7.744927 ], [ 0.611497, 7.732877 ], [ 0.616317, 7.711187000000109 ], [ 0.616730000000132, 7.711109 ], [ 0.616317, 7.70958 ], [ 0.617522000000122, 7.70476 ], [ 0.615916, 7.701949000000127 ], [ 0.611096, 7.705564 ], [ 0.607882, 7.706769000000122 ], [ 0.597037000000171, 7.707974 ], [ 0.589807, 7.707170000000133 ], [ 0.579765000000179, 7.676643 ], [ 0.578962000000161, 7.671823 ], [ 0.574142000000109, 7.648527 ], [ 0.573339000000146, 7.632861000000105 ], [ 0.575749, 7.626435 ], [ 0.576954000000114, 7.621213000000182 ], [ 0.576954000000114, 7.616424 ], [ 0.572134, 7.614385 ], [ 0.557673000000136, 7.608761000000186 ], [ 0.548435000000154, 7.607155 ], [ 0.545222, 7.600728 ], [ 0.536787, 7.599925 ], [ 0.527548, 7.594301000000144 ], [ 0.517908000000148, 7.587473 ], [ 0.517506, 7.571406 ], [ 0.517506, 7.558954 ], [ 0.513088, 7.545298000000116 ], [ 0.508268000000101, 7.524411000000157 ], [ 0.509072000000174, 7.518386 ], [ 0.510007, 7.515267000000108 ], [ 0.509875, 7.51477100000011 ], [ 0.512686, 7.502319000000114 ], [ 0.515097, 7.491474 ], [ 0.515616, 7.49134400000014 ], [ 0.515498, 7.490671 ], [ 0.517105000000129, 7.483842 ], [ 0.515498, 7.476612000000102 ], [ 0.508268000000101, 7.472194000000172 ], [ 0.502243, 7.463759 ], [ 0.512686, 7.454922000000124 ], [ 0.513892, 7.448897000000102 ], [ 0.519515, 7.451307 ], [ 0.525138, 7.446487000000161 ], [ 0.529155, 7.432429000000127 ], [ 0.530360000000144, 7.418772000000104 ], [ 0.531967, 7.416362 ], [ 0.534778, 7.409132 ], [ 0.545624, 7.398688000000107 ], [ 0.551649000000168, 7.397885000000144 ], [ 0.560485, 7.390655 ], [ 0.570527, 7.387843 ], [ 0.57856, 7.387441 ], [ 0.584987, 7.389048000000116 ], [ 0.596234000000152, 7.39226200000013 ], [ 0.603865, 7.39668 ], [ 0.614710000000116, 7.402303 ], [ 0.628367, 7.401500000000112 ], [ 0.634794000000113, 7.397483 ], [ 0.642426000000114, 7.393467000000157 ], [ 0.642388000000153, 7.393706 ], [ 0.642828000000122, 7.393065 ], [ 0.646041, 7.389450000000124 ], [ 0.648049000000128, 7.375391 ], [ 0.648616000000118, 7.37559 ], [ 0.647729, 7.371847000000116 ], [ 0.646123000000102, 7.366705 ], [ 0.64548, 7.359957 ], [ 0.649979, 7.350799000000109 ], [ 0.650402, 7.347776000000124 ], [ 0.652228, 7.334732000000145 ], [ 0.653192, 7.328627 ], [ 0.657048, 7.31738 ], [ 0.656084, 7.311596 ], [ 0.653835000000129, 7.302599000000157 ], [ 0.643231, 7.281391 ], [ 0.643231, 7.280105 ], [ 0.643231, 7.270465 ], [ 0.639649, 7.249056 ], [ 0.636161, 7.22821 ], [ 0.631662000000119, 7.200253 ], [ 0.624894, 7.179641000000117 ], [ 0.624593, 7.178724 ], [ 0.621059, 7.170691000000147 ], [ 0.617408, 7.165563 ], [ 0.605956, 7.149482000000148 ], [ 0.598244, 7.132773 ], [ 0.598244, 7.121526 ], [ 0.600172, 7.116706 ], [ 0.603385000000117, 7.110922000000187 ], [ 0.61174, 7.098390000000165 ], [ 0.613119000000154, 7.095172000000161 ], [ 0.614395, 7.092195 ], [ 0.613346, 7.088750000000118 ], [ 0.610455000000172, 7.080395000000181 ], [ 0.601251000000161, 7.070240000000183 ], [ 0.601093, 7.070161 ], [ 0.597186, 7.066048 ], [ 0.595540000000142, 7.059878 ], [ 0.595540000000142, 7.058439 ], [ 0.59739100000013, 7.042192000000114 ], [ 0.599036000000183, 7.033349000000101 ], [ 0.599490000000117, 7.030172000000164 ], [ 0.598831, 7.028413000000114 ], [ 0.589782000000127, 7.023066 ], [ 0.585874, 7.020598 ], [ 0.583201, 7.017102 ], [ 0.571273, 7.005586000000164 ], [ 0.558934, 7.000033 ], [ 0.557494, 6.999827 ], [ 0.541659, 6.98666500000013 ], [ 0.5359, 6.981935000000135 ], [ 0.530965, 6.978645 ], [ 0.531294000000116, 6.978476000000114 ], [ 0.530348, 6.978028000000165 ], [ 0.522738, 6.974326 ], [ 0.520888000000127, 6.970213000000115 ], [ 0.519859, 6.968773000000169 ], [ 0.516569000000175, 6.966717 ], [ 0.51471800000013, 6.948414000000184 ], [ 0.526235, 6.939570000000117 ], [ 0.531787, 6.937925 ], [ 0.535078, 6.936897000000101 ], [ 0.537546000000134, 6.936074 ], [ 0.541453000000104, 6.935663000000147 ], [ 0.546183000000156, 6.933401 ], [ 0.555232000000103, 6.92291200000011 ], [ 0.55811100000011, 6.914069 ], [ 0.557775, 6.907232 ], [ 0.557494, 6.901524 ], [ 0.55153, 6.887128000000132 ], [ 0.547337, 6.880991 ], [ 0.541756000000134, 6.879306 ], [ 0.538985, 6.876023 ], [ 0.53765, 6.872357000000136 ], [ 0.538357, 6.8703450000001 ], [ 0.538749, 6.86990800000018 ], [ 0.534859, 6.863101 ], [ 0.531806, 6.854361 ], [ 0.530617, 6.850301 ], [ 0.530226, 6.850044 ], [ 0.528015, 6.842989000000102 ], [ 0.530121, 6.825826 ], [ 0.536755, 6.825721 ], [ 0.539071, 6.827090000000169 ], [ 0.54423, 6.825826 ], [ 0.547600000000159, 6.827722 ], [ 0.555286, 6.825194000000124 ], [ 0.558972000000153, 6.821614 ], [ 0.559182, 6.821614 ], [ 0.568291000000102, 6.813518 ], [ 0.568659000000139, 6.813191000000188 ], [ 0.568675, 6.81323 ], [ 0.568888, 6.8126 ], [ 0.577823, 6.807621 ], [ 0.579140000000109, 6.805120000000102 ], [ 0.581246000000135, 6.798671000000127 ], [ 0.580719, 6.797750000000121 ], [ 0.579403, 6.799592000000132 ], [ 0.577297, 6.801172000000122 ], [ 0.572427000000175, 6.803541 ], [ 0.56887300000011, 6.803278 ], [ 0.56650400000018, 6.799987000000101 ], [ 0.570189, 6.791695 ], [ 0.567628000000127, 6.786694000000182 ], [ 0.567012000000148, 6.786054000000149 ], [ 0.569776, 6.783422 ], [ 0.571750000000122, 6.778157 ], [ 0.570960000000127, 6.771708000000103 ], [ 0.571224, 6.770128000000113 ], [ 0.572277, 6.765258 ], [ 0.576488, 6.76131 ], [ 0.587676000000101, 6.762758000000133 ], [ 0.596758, 6.760388 ], [ 0.607419000000107, 6.753281000000129 ], [ 0.619001, 6.754466 ], [ 0.620581, 6.754729 ], [ 0.623739, 6.753939 ], [ 0.628872, 6.748674000000108 ], [ 0.628920000000107, 6.748739000000171 ], [ 0.62894400000016, 6.74862000000013 ], [ 0.632646, 6.74862000000013 ], [ 0.640049, 6.748004 ], [ 0.643751000000123, 6.745124 ], [ 0.646219, 6.741011 ], [ 0.641283, 6.726615 ], [ 0.644779, 6.712014000000181 ], [ 0.6419, 6.701937 ], [ 0.643751000000123, 6.692477000000167 ], [ 0.639638000000161, 6.674585 ], [ 0.639227, 6.667181 ], [ 0.635319, 6.650729 ], [ 0.635936000000129, 6.640857 ], [ 0.637787000000117, 6.632220000000189 ], [ 0.642929000000152, 6.628313 ], [ 0.646013, 6.620703000000105 ], [ 0.651566000000173, 6.614328 ], [ 0.653211, 6.610009 ], [ 0.658558, 6.606513000000177 ], [ 0.670897, 6.611243 ], [ 0.679946000000143, 6.606924000000106 ], [ 0.685293, 6.598493 ], [ 0.68599300000011, 6.598714 ], [ 0.686036000000115, 6.597958 ], [ 0.688285000000178, 6.592174 ], [ 0.681216, 6.583819 ], [ 0.691177, 6.578357 ], [ 0.702746000000161, 6.580606000000159 ], [ 0.715599000000111, 6.584783 ], [ 0.726845000000139, 6.585426 ], [ 0.73745, 6.577071 ], [ 0.74002, 6.570323 ], [ 0.738092000000108, 6.553293000000167 ], [ 0.720157, 6.536123 ], [ 0.716624, 6.533379 ], [ 0.714139000000102, 6.530472 ], [ 0.713168, 6.527656 ], [ 0.712954, 6.52526 ], [ 0.71318900000017, 6.523017 ], [ 0.713765, 6.519927 ], [ 0.718300000000113, 6.516742 ], [ 0.718738000000144, 6.517526 ], [ 0.718835000000126, 6.517701000000102 ], [ 0.721501000000103, 6.518837000000133 ], [ 0.726417, 6.519703 ], [ 0.728527, 6.519291 ], [ 0.731617, 6.519726000000162 ], [ 0.734843, 6.521287000000143 ], [ 0.737227000000132, 6.522423000000174 ], [ 0.743266, 6.523715000000152 ], [ 0.747053, 6.5257 ], [ 0.752387000000169, 6.527270000000101 ], [ 0.75534, 6.527002000000152 ], [ 0.758014000000173, 6.526311 ], [ 0.76125, 6.52562300000011 ], [ 0.763919, 6.526057 ], [ 0.768123000000116, 6.528887000000168 ], [ 0.772748000000149, 6.532141 ], [ 0.778356, 6.53554000000014 ], [ 0.785499000000186, 6.541335000000174 ], [ 0.7915220000001, 6.546282 ], [ 0.795734, 6.550635000000113 ], [ 0.798389, 6.551093 ], [ 0.800358, 6.550961 ], [ 0.803448, 6.551536 ], [ 0.808933, 6.550998000000163 ], [ 0.811179, 6.551711000000182 ], [ 0.816657, 6.552719 ], [ 0.82021600000013, 6.554 ], [ 0.823523, 6.557951 ], [ 0.828339, 6.565767 ], [ 0.830024, 6.570401000000118 ], [ 0.83177, 6.576359000000139 ], [ 0.832411, 6.578545000000133 ], [ 0.832832, 6.584162 ], [ 0.833113, 6.587391 ], [ 0.8355, 6.596097 ], [ 0.837045000000103, 6.598765000000185 ], [ 0.839993000000106, 6.607892 ], [ 0.841398, 6.612666 ], [ 0.842942, 6.615194 ], [ 0.845371000000114, 6.619280000000117 ], [ 0.846832, 6.621526000000131 ], [ 0.849865, 6.624222 ], [ 0.853122, 6.627143 ], [ 0.854920000000106, 6.629502000000173 ], [ 0.857616, 6.635343 ], [ 0.861134000000163, 6.645802 ], [ 0.861529000000132, 6.64665 ], [ 0.861529000000132, 6.64697 ], [ 0.861378000000116, 6.647064 ], [ 0.861228, 6.646989 ], [ 0.861105, 6.646998 ], [ 0.861046000000158, 6.647081000000185 ], [ 0.860988, 6.647228 ], [ 0.860988, 6.647493000000168 ], [ 0.861076000000139, 6.647876 ], [ 0.861400000000117, 6.648524 ], [ 0.862224, 6.649819 ], [ 0.863461000000143, 6.651498 ], [ 0.864404, 6.652587 ], [ 0.865287, 6.653795 ], [ 0.865905, 6.654796 ], [ 0.866200000000106, 6.655503000000181 ], [ 0.86676, 6.659561 ], [ 0.867111, 6.663597 ], [ 0.868515000000173, 6.669039000000168 ], [ 0.870446, 6.676586 ], [ 0.872201000000132, 6.684133 ], [ 0.872552, 6.689926000000128 ], [ 0.874307000000101, 6.694665 ], [ 0.877116, 6.697824 ], [ 0.8801, 6.70151 ], [ 0.881136, 6.701635000000124 ], [ 0.884656, 6.700552 ], [ 0.887292000000173, 6.700783000000115 ], [ 0.893219000000101, 6.702126 ], [ 0.90008, 6.703014000000167 ], [ 0.900236000000177, 6.705452 ], [ 0.899769000000106, 6.71204 ], [ 0.899741, 6.718411000000117 ], [ 0.899515, 6.720498000000134 ], [ 0.899582, 6.720642000000169 ], [ 0.900811000000147, 6.732226 ], [ 0.900986, 6.743459000000144 ], [ 0.899407000000167, 6.760660000000144 ], [ 0.8973, 6.769436 ], [ 0.896983000000148, 6.769987000000185 ], [ 0.909428000000105, 6.780837000000133 ], [ 0.916714, 6.785142000000178 ], [ 0.923567, 6.789191000000187 ], [ 0.93738500000012, 6.800117 ], [ 0.951523000000179, 6.807829 ], [ 0.961163, 6.811685 ], [ 0.964056, 6.817147 ], [ 0.963211000000172, 6.821054 ], [ 0.961485, 6.829037000000142 ], [ 0.961485, 6.841569 ], [ 0.960199, 6.850245 ], [ 0.960199, 6.855804 ], [ 0.962378000000172, 6.856495 ], [ 0.976389, 6.857104 ], [ 0.984896000000106, 6.859611000000143 ], [ 0.997250000000179, 6.862134 ], [ 1.004393, 6.862439000000165 ], [ 1.018123, 6.864692 ], [ 1.027998, 6.868853000000115 ], [ 1.033484, 6.871072 ], [ 1.036786, 6.869987000000151 ], [ 1.036719000000176, 6.869355 ], [ 1.051434, 6.862687000000108 ], [ 1.056940000000111, 6.860293 ], [ 1.060026, 6.858108000000129 ], [ 1.064001000000133, 6.85373 ], [ 1.06863200000015, 6.850014000000101 ], [ 1.070843, 6.846727000000101 ], [ 1.079006000000163, 6.839509 ], [ 1.092461000000185, 6.827918000000125 ], [ 1.095136, 6.818482 ], [ 1.09761, 6.816519 ], [ 1.104734000000121, 6.809446 ], [ 1.121805000000165, 6.808442000000184 ], [ 1.122039, 6.808033 ], [ 1.122214, 6.808042000000114 ], [ 1.126836, 6.806302000000187 ], [ 1.132997, 6.804788 ], [ 1.13719, 6.800410000000113 ], [ 1.138080000000116, 6.797776000000169 ], [ 1.141831000000138, 6.794056000000182 ], [ 1.149968000000172, 6.792988 ], [ 1.15878, 6.787749 ], [ 1.162088, 6.784905 ], [ 1.16276, 6.781612000000166 ], [ 1.165624, 6.779865 ], [ 1.169367000000136, 6.778121000000112 ], [ 1.169816, 6.775706000000184 ], [ 1.173777000000143, 6.774403000000177 ], [ 1.17884800000013, 6.770247 ], [ 1.181492, 6.768719 ], [ 1.188747000000149, 6.768087 ], [ 1.19271700000013, 6.764366000000166 ], [ 1.199111000000187, 6.759117000000174 ], [ 1.203302, 6.755177000000117 ], [ 1.207497, 6.750139 ], [ 1.212125000000128, 6.746641000000125 ], [ 1.215644000000168, 6.745994 ], [ 1.219596000000138, 6.747107000000142 ], [ 1.225948, 6.753283000000124 ], [ 1.230091, 6.762307000000135 ], [ 1.236220000000174, 6.769360000000177 ], [ 1.239731, 6.770911 ], [ 1.240834, 6.770036000000175 ], [ 1.241716000000167, 6.76916000000017 ], [ 1.244150000000104, 6.764774000000159 ], [ 1.251634000000138, 6.761725000000126 ], [ 1.260217, 6.75868 ], [ 1.267475, 6.757607000000121 ], [ 1.274369, 6.756177 ], [ 1.27517, 6.756010000000117 ], [ 1.275667000000169, 6.756673 ], [ 1.284997000000146, 6.769114 ], [ 1.293767000000116, 6.777007 ], [ 1.30167200000011, 6.782638000000134 ], [ 1.309772000000123, 6.788408 ], [ 1.311201, 6.788708 ], [ 1.326907000000119, 6.799655 ], [ 1.339007000000151, 6.809234000000117 ], [ 1.351008000000149, 6.818735 ], [ 1.368078000000139, 6.823756000000174 ], [ 1.384647, 6.830785000000162 ], [ 1.40523300000018, 6.83681 ], [ 1.410373, 6.843663 ], [ 1.421049000000153, 6.843086 ], [ 1.43812, 6.839069000000109 ], [ 1.456697, 6.831538000000137 ], [ 1.470755, 6.830032 ], [ 1.47122800000011, 6.830095 ], [ 1.485818000000108, 6.83204000000012 ], [ 1.499374000000103, 6.836559 ], [ 1.5194580000001, 6.847605000000101 ], [ 1.532010000000184, 6.858651000000123 ], [ 1.542554, 6.875219000000129 ], [ 1.548077000000148, 6.888776 ], [ 1.556612, 6.901830000000132 ], [ 1.569164000000171, 6.906851 ], [ 1.577700000000164, 6.90885900000012 ], [ 1.576696, 6.921914000000129 ], [ 1.576688000000104, 6.922085 ], [ 1.575691, 6.946516 ], [ 1.567658000000108, 6.960574000000179 ], [ 1.55912300000017, 6.971118 ], [ 1.559625000000153, 6.984674 ], [ 1.557616, 6.995218000000136 ], [ 1.557616, 6.9980240000001 ], [ 1.557638, 6.998007000000143 ], [ 1.55815600000011, 6.998000000000104 ], [ 1.587361000000158, 6.997605 ], [ 1.587361000000158, 6.994793000000129 ], [ 1.590976000000126, 6.99399000000011 ], [ 1.598207000000116, 6.99399000000011 ], [ 1.607445000000155, 6.995597 ], [ 1.641587000000129, 6.99399000000011 ], [ 1.639772, 7.067289 ], [ 1.639399, 7.075919 ], [ 1.637760000000185, 7.12006 ], [ 1.637513000000183, 7.125461 ], [ 1.637574, 7.125537000000122 ], [ 1.637560000000178, 7.128065 ], [ 1.637173000000132, 7.197436 ], [ 1.637615, 7.205803 ], [ 1.636071, 7.205971000000147 ], [ 1.637574, 7.205871 ], [ 1.636771, 7.246842000000129 ], [ 1.636537, 7.247918 ], [ 1.636370000000113, 7.262507 ], [ 1.635968, 7.323962 ], [ 1.635968, 7.345373 ], [ 1.635968, 7.391041000000143 ], [ 1.634919000000139, 7.400688 ], [ 1.635652, 7.41660800000011 ], [ 1.642079000000138, 7.468342000000121 ], [ 1.644007000000158, 7.485695 ], [ 1.648184, 7.492443 ], [ 1.654290000000117, 7.494371000000115 ], [ 1.675498000000175, 7.494371000000115 ], [ 1.677426, 7.497584 ], [ 1.677105, 7.501119000000131 ], [ 1.675498000000175, 7.506581000000153 ], [ 1.67035600000014, 7.513008 ], [ 1.669071, 7.515579000000173 ], [ 1.668750000000159, 7.518149 ], [ 1.660074000000122, 7.52072 ], [ 1.659254000000146, 7.521287000000143 ], [ 1.653004, 7.535662 ], [ 1.651398, 7.542732000000115 ], [ 1.64947, 7.548194000000137 ], [ 1.649148, 7.558798 ], [ 1.650755000000174, 7.613425 ], [ 1.636938, 7.641382 ], [ 1.631475, 7.661304000000143 ], [ 1.631154, 7.675764000000186 ], [ 1.630903, 7.676606 ], [ 1.632158000000118, 7.711124 ], [ 1.632785000000126, 7.731835 ], [ 1.635924000000159, 7.796479 ], [ 1.635296, 7.810286000000133 ], [ 1.629647, 7.826604 ], [ 1.63153, 7.852336 ], [ 1.632158000000118, 7.88622700000019 ], [ 1.634041000000138, 7.896896 ], [ 1.634041000000138, 7.903172000000154 ], [ 1.632717000000184, 7.917295 ], [ 1.633639, 7.917369000000122 ], [ 1.634041000000138, 7.920984 ], [ 1.634844000000157, 7.95613 ], [ 1.636049000000185, 7.991477 ], [ 1.641271, 8.299557000000107 ], [ 1.64114, 8.300001 ], [ 1.641271, 8.300360000000126 ], [ 1.638057, 8.327674 ], [ 1.636852, 8.33972400000016 ], [ 1.63042600000017, 8.343741 ], [ 1.625318000000107, 8.351598000000138 ], [ 1.626007000000129, 8.357799 ], [ 1.626007000000129, 8.367037 ], [ 1.626810000000148, 8.379891 ] ] ] } },
{ "type": "Feature", "properties": { "adm1_name": "Savanes", "adm1_name1": null, "adm1_name2": null, "adm1_name3": null, "adm1_pcode": "TG05", "adm0_name": "Togo", "adm0_name1": null, "adm0_name2": null, "adm0_name3": null, "adm0_pcode": "TG", "valid_on": "2021-01-07", "valid_to": null, "area_sqkm": 8560.3761659299998, "version": "v02", "lang": "fr", "lang1": null, "lang2": null, "lang3": null, "adm1_ref_name": "Savanes", "center_lat": 10.507526, "center_lon": 0.46277129 }, "geometry": { "type": "Polygon", "coordinates": [ [ [ -0.093511, 11.129291000000137 ], [ -0.101727, 11.131428 ], [ -0.110050999999885, 11.1336060000001 ], [ -0.115321, 11.135025 ], [ -0.125456999999869, 11.136849 ], [ -0.131711999999879, 11.13804000000016 ], [ -0.132806, 11.136008 ], [ -0.133623999999884, 11.12979200000018 ], [ -0.134933, 11.127175 ], [ -0.138858, 11.123576000000128 ], [ -0.141966, 11.119160000000136 ], [ -0.142293, 11.116379 ], [ -0.141803, 11.111963000000117 ], [ -0.142457, 11.109673000000157 ], [ -0.142293, 11.106565 ], [ -0.13984, 11.104275 ], [ -0.137713, 11.105256000000111 ], [ -0.135751, 11.106074 ], [ -0.132479, 11.105420000000152 ], [ -0.129698, 11.105256000000111 ], [ -0.124791, 11.104929 ], [ -0.12266499999987, 11.104275 ], [ -0.12053799999984, 11.102639 ], [ -0.118739, 11.100186000000178 ], [ -0.112523, 11.098223000000132 ], [ -0.110703, 11.097152000000108 ], [ -0.109742, 11.096587000000113 ], [ -0.104835, 11.094951 ], [ -0.100951, 11.094148 ], [ -0.100091999999847, 11.093970000000127 ], [ -0.095021, 11.092988 ], [ -0.087987, 11.091026 ], [ -0.08422499999989, 11.090044 ], [ -0.079481999999871, 11.089063000000181 ], [ -0.075064999999881, 11.088245 ], [ -0.070158, 11.088081000000102 ], [ -0.067492, 11.088526000000172 ], [ -0.061815999999851, 11.092661 ], [ -0.054781999999875, 11.099858 ], [ -0.025829999999871, 11.108037000000138 ], [ -0.016016, 11.109182 ], [ -0.005056, 11.105256000000111 ], [ -0.000552999999854, 11.103235 ], [ 0.007822, 11.097651 ], [ 0.0127710000001, 11.086516000000131 ], [ 0.016483000000107, 11.074763 ], [ 0.020813, 11.059916000000101 ], [ 0.022669000000178, 11.055586000000176 ], [ 0.024089, 11.0550530000001 ], [ 0.024245000000178, 11.054024 ], [ 0.024737000000187, 11.046644000000128 ], [ 0.024573000000146, 11.042544 ], [ 0.024737000000187, 11.03549100000015 ], [ 0.025065000000154, 11.027783000000113 ], [ 0.025393000000122, 11.021715 ], [ 0.027033, 11.005806000000177 ], [ 0.029621, 10.993189 ], [ 0.029493, 10.993177000000117 ], [ 0.030313, 10.988913 ], [ 0.032117, 10.984485000000177 ], [ 0.029821, 10.977596 ], [ 0.026705000000163, 10.974316 ], [ 0.021785, 10.974152000000174 ], [ 0.017849000000126, 10.972348000000125 ], [ 0.006862, 10.961534000000142 ], [ 0.006572, 10.961573000000158 ], [ -0.007368, 10.959523000000161 ], [ -0.011673999999857, 10.956448000000137 ], [ -0.013724, 10.943942000000106 ], [ -0.013707999999838, 10.943916 ], [ -0.013801999999885, 10.943835000000149 ], [ -0.01575, 10.932414000000165 ], [ -0.015499, 10.93097 ], [ -0.015414, 10.928283000000135 ], [ -0.014071, 10.910649 ], [ -0.014995, 10.909389 ], [ -0.014906, 10.909034000000133 ], [ -0.015285, 10.90877200000017 ], [ -0.019155, 10.902908 ], [ -0.021074, 10.898409000000129 ], [ -0.02343, 10.892261 ], [ -0.031242, 10.872767 ], [ -0.03174399999989, 10.870148 ], [ -0.032008, 10.866262 ], [ -0.033961, 10.850261 ], [ -0.032853, 10.845194 ], [ -0.030649, 10.836403 ], [ -0.026458999999875, 10.825392 ], [ -0.02762099999984, 10.82075 ], [ -0.0282, 10.818205000000148 ], [ -0.03428799999989, 10.80769 ], [ -0.045539, 10.799813 ], [ -0.048461, 10.78992600000015 ], [ -0.053396, 10.784949 ], [ -0.058981999999844, 10.784595000000138 ], [ -0.062122, 10.781427 ], [ -0.067585, 10.768976000000123 ], [ -0.073482999999896, 10.769665 ], [ -0.075552, 10.765163 ], [ -0.073238999999887, 10.760556000000122 ], [ -0.072919, 10.759887 ], [ -0.073176, 10.75979400000017 ], [ -0.077603999999894, 10.752250000000174 ], [ -0.073995, 10.735029000000111 ], [ -0.076128, 10.727648000000102 ], [ -0.07586, 10.727456 ], [ -0.074353999999857, 10.723839 ], [ -0.084585, 10.718653000000131 ], [ -0.087976, 10.714988000000119 ], [ -0.087174999999831, 10.708459000000119 ], [ -0.071176, 10.675687000000153 ], [ -0.068237999999894, 10.651261 ], [ -0.063978, 10.641375000000153 ], [ -0.054334, 10.631542000000138 ], [ -0.04893, 10.629657000000122 ], [ -0.04279, 10.627538000000129 ], [ -0.032701, 10.622066000000189 ], [ -0.029758999999899, 10.62161 ], [ -0.02633, 10.621401 ], [ -0.020927, 10.619516 ], [ -0.012323, 10.615724000000171 ], [ -0.003715999999883, 10.611690000000181 ], [ 0.000708000000145, 10.609796000000131 ], [ 0.011055, 10.602872000000104 ], [ 0.011647, 10.60304 ], [ 0.011547, 10.602634000000137 ], [ 0.033881, 10.596308 ], [ 0.037652000000151, 10.594017000000179 ], [ 0.048407, 10.587485 ], [ 0.054959, 10.575746 ], [ 0.054638000000125, 10.575677 ], [ 0.056372, 10.573514 ], [ 0.059115, 10.568212 ], [ 0.063580000000115, 10.561958 ], [ 0.071727, 10.554526000000124 ], [ 0.073195, 10.55454 ], [ 0.081051, 10.551949 ], [ 0.088658000000123, 10.549840000000188 ], [ 0.094304, 10.547954000000118 ], [ 0.102162000000135, 10.545120000000111 ], [ 0.107568000000128, 10.542748000000131 ], [ 0.109973, 10.542934 ], [ 0.109822000000122, 10.5424450000001 ], [ 0.116091, 10.539355 ], [ 0.118785, 10.539137 ], [ 0.131586, 10.531019 ], [ 0.141531, 10.514157 ], [ 0.14130200000011, 10.512460000000146 ], [ 0.147895, 10.487333 ], [ 0.149145000000146, 10.484438000000125 ], [ 0.153662000000111, 10.472127 ], [ 0.153303000000108, 10.457836000000157 ], [ 0.154806000000121, 10.45397400000013 ], [ 0.16516700000011, 10.444621 ], [ 0.167656, 10.440042000000119 ], [ 0.166022000000169, 10.431309000000169 ], [ 0.169524, 10.422864 ], [ 0.175454, 10.416377000000125 ], [ 0.182334000000139, 10.41304700000012 ], [ 0.183349, 10.412761 ], [ 0.183349, 10.412568 ], [ 0.189027, 10.399635000000103 ], [ 0.192812, 10.396797000000106 ], [ 0.195966, 10.399005 ], [ 0.19912, 10.398374 ], [ 0.203852, 10.398374 ], [ 0.205113000000154, 10.402474000000154 ], [ 0.2025900000001, 10.411621 ], [ 0.208583, 10.413514 ], [ 0.210475, 10.414776000000188 ], [ 0.213314000000139, 10.417299 ], [ 0.217415000000187, 10.417299 ], [ 0.218348000000105, 10.417299 ], [ 0.227568, 10.410207000000128 ], [ 0.2297200000001, 10.40913 ], [ 0.235102, 10.406978000000151 ], [ 0.24156, 10.40626 ], [ 0.249094000000127, 10.405901 ], [ 0.259858, 10.40518400000019 ], [ 0.265239000000122, 10.408413 ], [ 0.266316, 10.410207000000128 ], [ 0.269545000000107, 10.415229000000181 ], [ 0.273132, 10.416665000000137 ], [ 0.281743, 10.415588 ], [ 0.286766000000114, 10.407695000000103 ], [ 0.2943, 10.402672 ], [ 0.29896500000018, 10.391550000000109 ], [ 0.292148000000111, 10.383298 ], [ 0.289139, 10.378183 ], [ 0.288381000000186, 10.377737000000138 ], [ 0.289457, 10.372356 ], [ 0.30022, 10.367691 ], [ 0.304884000000186, 10.364104000000111 ], [ 0.306319, 10.363386 ], [ 0.310983000000135, 10.353699 ], [ 0.312419, 10.340066 ], [ 0.314571000000171, 10.333608 ], [ 0.317083, 10.332531 ], [ 0.322465, 10.335043 ], [ 0.325335000000109, 10.335043 ], [ 0.332151, 10.328944 ], [ 0.332510000000127, 10.323921000000155 ], [ 0.331434000000115, 10.318898 ], [ 0.320312, 10.312799 ], [ 0.3178, 10.309569000000181 ], [ 0.317442, 10.308852000000172 ], [ 0.3188770000001, 10.305264000000136 ], [ 0.32748700000019, 10.305264000000136 ], [ 0.332151, 10.305264000000136 ], [ 0.336098000000163, 10.305623 ], [ 0.339327, 10.305623 ], [ 0.342197000000169, 10.305264000000136 ], [ 0.343991, 10.305264000000136 ], [ 0.351167, 10.307058 ], [ 0.353319, 10.3074170000001 ], [ 0.356548, 10.3074170000001 ], [ 0.36193, 10.306699 ], [ 0.365877000000125, 10.306341 ], [ 0.36982300000011, 10.3074170000001 ], [ 0.378075, 10.308493000000112 ], [ 0.38238, 10.308493000000112 ], [ 0.384533, 10.308493000000112 ], [ 0.392067000000111, 10.304905 ], [ 0.393144, 10.301318000000151 ], [ 0.379869000000156, 10.291272 ], [ 0.376640000000179, 10.287684 ], [ 0.371976, 10.282661 ], [ 0.36982300000011, 10.280150000000162 ], [ 0.374129, 10.273333 ], [ 0.37894, 10.271958 ], [ 0.379151, 10.271898 ], [ 0.373411000000146, 10.263646000000108 ], [ 0.36193, 10.257906000000162 ], [ 0.359419000000116, 10.253241 ], [ 0.358701, 10.242837000000179 ], [ 0.35906, 10.237096000000179 ], [ 0.35906, 10.225974 ], [ 0.358500000000106, 10.222897 ], [ 0.358155000000124, 10.222754000000123 ], [ 0.358155000000124, 10.216668000000141 ], [ 0.353991, 10.207058000000131 ], [ 0.352389000000187, 10.197448 ], [ 0.351108, 10.194245 ], [ 0.348865000000103, 10.184315 ], [ 0.350147000000163, 10.169259 ], [ 0.348865000000103, 10.160931 ], [ 0.357835000000136, 10.139148 ], [ 0.356553000000133, 10.135625 ], [ 0.356873000000121, 10.126335000000154 ], [ 0.356914000000131, 10.125488 ], [ 0.356369, 10.123902000000101 ], [ 0.350628000000142, 10.103811000000121 ], [ 0.3474, 10.095559000000151 ], [ 0.349194000000182, 10.091612 ], [ 0.349552000000131, 10.087307 ], [ 0.353857000000176, 10.082643000000132 ], [ 0.358521, 10.080849 ], [ 0.363186, 10.079772000000105 ], [ 0.370361, 10.079055 ], [ 0.377537000000132, 10.07762 ], [ 0.38471200000015, 10.077261 ], [ 0.385789, 10.076902000000132 ], [ 0.396911000000159, 10.071521 ], [ 0.403369000000168, 10.066498000000138 ], [ 0.409109000000115, 10.061116000000141 ], [ 0.410185000000126, 10.060040000000129 ], [ 0.413415, 10.060040000000129 ], [ 0.414850000000115, 10.052505000000167 ], [ 0.411262, 10.039589000000149 ], [ 0.409827000000178, 10.032055 ], [ 0.40875, 10.028467 ], [ 0.40875, 10.024521 ], [ 0.40829, 10.022525 ], [ 0.408082, 10.022351 ], [ 0.407858000000147, 10.02219 ], [ 0.408184000000119, 10.021789000000126 ], [ 0.407893, 10.019465 ], [ 0.409927, 10.016561000000138 ], [ 0.413122000000158, 10.012204 ], [ 0.415445000000148, 10.009009 ], [ 0.422416000000112, 9.994195000000161 ], [ 0.422707, 9.986353 ], [ 0.418060000000139, 9.976186 ], [ 0.420964, 9.963987 ], [ 0.423869, 9.960792 ], [ 0.426192000000128, 9.958468 ], [ 0.430259, 9.957306 ], [ 0.435487, 9.957597 ], [ 0.439554000000101, 9.957016 ], [ 0.441337, 9.956879 ], [ 0.447106, 9.956435000000113 ], [ 0.453786, 9.952659000000153 ], [ 0.45611, 9.94714 ], [ 0.461339000000123, 9.94452600000011 ], [ 0.465405, 9.943945 ], [ 0.466857000000118, 9.944817 ], [ 0.471214, 9.948012 ], [ 0.473247, 9.948883 ], [ 0.478185, 9.951207000000124 ], [ 0.479928, 9.951497000000131 ], [ 0.486028, 9.953530000000114 ], [ 0.489223, 9.952369000000147 ], [ 0.491547, 9.951207000000124 ], [ 0.497161000000176, 9.946661 ], [ 0.497355, 9.946269 ], [ 0.497355, 9.945398000000125 ], [ 0.499389000000122, 9.941621000000112 ], [ 0.502294000000177, 9.941331000000105 ], [ 0.506360000000143, 9.941331000000105 ], [ 0.510717, 9.945688000000189 ], [ 0.513912, 9.950335 ], [ 0.519721, 9.951497000000131 ], [ 0.526983000000143, 9.943364 ], [ 0.525108, 9.936668000000111 ], [ 0.525100000000123, 9.93664 ], [ 0.524949, 9.936103 ], [ 0.521754, 9.932908 ], [ 0.519140000000107, 9.927389 ], [ 0.517107000000124, 9.926808000000165 ], [ 0.515074000000141, 9.924775000000182 ], [ 0.515074000000141, 9.916642000000138 ], [ 0.518559000000153, 9.908218000000147 ], [ 0.521754, 9.906766000000118 ], [ 0.524078, 9.901538 ], [ 0.531339000000116, 9.899214 ], [ 0.535406, 9.897471 ], [ 0.54934800000018, 9.892824 ], [ 0.570552, 9.88498200000015 ], [ 0.583782000000156, 9.881334 ], [ 0.584204000000113, 9.881205 ], [ 0.584567000000106, 9.881085 ], [ 0.584585000000175, 9.88117 ], [ 0.584626000000185, 9.881368 ], [ 0.587921000000165, 9.88591 ], [ 0.592086000000165, 9.886348 ], [ 0.595593, 9.887882000000104 ], [ 0.600634, 9.889198000000135 ], [ 0.608744000000172, 9.887006 ], [ 0.611812000000157, 9.887006 ], [ 0.616634, 9.885252 ], [ 0.622248000000184, 9.883376000000169 ], [ 0.622435000000166, 9.883383 ], [ 0.626170000000116, 9.883521 ], [ 0.630834, 9.888185000000135 ], [ 0.634059, 9.893691 ], [ 0.636909000000117, 9.894787000000179 ], [ 0.641292, 9.894568000000163 ], [ 0.645676, 9.891499 ], [ 0.648526000000174, 9.886677 ], [ 0.65093700000017, 9.882732000000146 ], [ 0.65422400000017, 9.877910000000156 ], [ 0.65904600000016, 9.877033 ], [ 0.662048, 9.880651000000114 ], [ 0.665994, 9.882804 ], [ 0.672452, 9.883162 ], [ 0.676757, 9.881010000000117 ], [ 0.679627, 9.876346 ], [ 0.679817000000128, 9.876535 ], [ 0.680704000000162, 9.877422 ], [ 0.681063, 9.880292 ], [ 0.682857000000126, 9.887468000000126 ], [ 0.68178, 9.891414000000168 ], [ 0.681421000000171, 9.896437000000105 ], [ 0.679627, 9.901819 ], [ 0.677746, 9.907462000000123 ], [ 0.675245, 9.91013 ], [ 0.658712, 9.925960000000146 ], [ 0.656425000000183, 9.92930100000018 ], [ 0.656074000000103, 9.931764 ], [ 0.656425000000183, 9.934578 ], [ 0.659591000000148, 9.937216000000149 ], [ 0.664516000000162, 9.942141000000163 ], [ 0.666711, 9.944155 ], [ 0.668864, 9.948819 ], [ 0.66887000000014, 9.948821 ], [ 0.668352, 9.949592 ], [ 0.668017, 9.950933 ], [ 0.667394, 9.953137 ], [ 0.666979, 9.954877000000181 ], [ 0.666899000000114, 9.955836000000147 ], [ 0.666889, 9.95638200000019 ], [ 0.666846, 9.956450000000132 ], [ 0.666698, 9.956622000000152 ], [ 0.666633000000161, 9.956785000000139 ], [ 0.666797, 9.956908 ], [ 0.666899000000114, 9.95682 ], [ 0.666899000000114, 9.956826000000149 ], [ 0.6669, 9.956826000000149 ], [ 0.666936, 9.956736 ], [ 0.667165000000125, 9.956687 ], [ 0.667214, 9.956834000000129 ], [ 0.667401, 9.957235 ], [ 0.667603, 9.957433 ], [ 0.668161000000111, 9.957704000000149 ], [ 0.669214000000181, 9.958103000000108 ], [ 0.671594, 9.95888500000018 ], [ 0.674261000000172, 9.959572000000151 ], [ 0.674648, 9.959742 ], [ 0.675681, 9.963529 ], [ 0.676399000000117, 9.966399000000138 ], [ 0.676747000000148, 9.968665 ], [ 0.676227, 9.970706000000177 ], [ 0.676180000000102, 9.971579000000133 ], [ 0.676369000000136, 9.973114000000123 ], [ 0.676534000000117, 9.973562 ], [ 0.676700000000153, 9.9742 ], [ 0.67677, 9.974931 ], [ 0.677006, 9.976631000000111 ], [ 0.677219, 9.978732 ], [ 0.677715000000148, 9.982812000000138 ], [ 0.6759780000001, 9.983237000000145 ], [ 0.66707, 9.985414000000162 ], [ 0.653796000000114, 9.988643000000138 ], [ 0.651284, 9.989002 ], [ 0.643524000000184, 9.989002 ], [ 0.645196000000112, 9.98999600000019 ], [ 0.649593000000152, 9.996867 ], [ 0.660311, 10.004561 ], [ 0.667182, 10.00868400000013 ], [ 0.67295300000012, 10.01582900000011 ], [ 0.677899, 10.027646000000175 ], [ 0.678449000000114, 10.033967000000189 ], [ 0.678449000000114, 10.038364 ], [ 0.682021, 10.046334000000115 ], [ 0.686968, 10.053204000000107 ], [ 0.68779300000017, 10.057876000000135 ], [ 0.687243000000137, 10.065571000000148 ], [ 0.686144000000127, 10.072716000000185 ], [ 0.686694, 10.08206 ], [ 0.685319000000106, 10.086732 ], [ 0.682021, 10.092778 ], [ 0.677624, 10.099648 ], [ 0.67295300000012, 10.108168 ], [ 0.672961, 10.108227 ], [ 0.672636000000182, 10.108491 ], [ 0.672226, 10.111157 ], [ 0.672294000000136, 10.116215 ], [ 0.673114000000112, 10.121136 ], [ 0.673593000000153, 10.127151 ], [ 0.67496, 10.134465000000148 ], [ 0.67578, 10.136994000000129 ], [ 0.675575000000151, 10.140822000000128 ], [ 0.67564, 10.140827 ], [ 0.675581000000136, 10.14099 ], [ 0.675710000000151, 10.141320000000121 ], [ 0.675875000000133, 10.141384 ], [ 0.676123, 10.141265 ], [ 0.676563, 10.141182 ], [ 0.677086000000145, 10.141237 ], [ 0.678132000000176, 10.141366 ], [ 0.679572000000121, 10.141604 ], [ 0.680976000000101, 10.141907 ], [ 0.683113, 10.143164000000127 ], [ 0.68371000000019, 10.143590000000188 ], [ 0.684770000000128, 10.145268000000101 ], [ 0.688342, 10.155711000000167 ], [ 0.692739000000131, 10.160383 ], [ 0.697987, 10.167111000000148 ], [ 0.704742, 10.168032000000153 ], [ 0.706536, 10.166597 ], [ 0.710841, 10.163009 ], [ 0.734521, 10.143635000000188 ], [ 0.739518000000146, 10.140511000000174 ], [ 0.740261000000146, 10.140047000000152 ], [ 0.741092000000151, 10.141709000000162 ], [ 0.74277300000017, 10.14507 ], [ 0.738108000000182, 10.15296300000017 ], [ 0.738826, 10.160139 ], [ 0.733085, 10.168391 ], [ 0.73667300000011, 10.172696 ], [ 0.739184, 10.174131000000102 ], [ 0.744207000000131, 10.175925 ], [ 0.748154, 10.178436000000147 ], [ 0.754253, 10.182383 ], [ 0.757841, 10.1795130000001 ], [ 0.767887, 10.174849 ], [ 0.773986, 10.176642 ], [ 0.775421000000165, 10.178795 ], [ 0.777215, 10.179871 ], [ 0.777523, 10.180008 ], [ 0.777933000000189, 10.179871 ], [ 0.781161000000111, 10.1795130000001 ], [ 0.794078000000184, 10.171978000000138 ], [ 0.797306000000106, 10.167673 ], [ 0.798383, 10.161933 ], [ 0.803764000000115, 10.153681 ], [ 0.808788000000163, 10.151887000000102 ], [ 0.814169, 10.154757 ], [ 0.816681, 10.158704000000171 ], [ 0.819564000000184, 10.162111000000152 ], [ 0.819333, 10.163497 ], [ 0.822478, 10.168738000000133 ], [ 0.824575, 10.175029000000166 ], [ 0.826672, 10.186560000000156 ], [ 0.838969000000134, 10.226528 ], [ 0.839252000000101, 10.227446 ], [ 0.849735, 10.234784 ], [ 0.857074000000125, 10.24107400000014 ], [ 0.863364000000104, 10.244219000000157 ], [ 0.866509, 10.244219000000157 ], [ 0.876992, 10.254703000000177 ], [ 0.887476000000106, 10.273573 ], [ 0.901657000000171, 10.289993 ], [ 0.871573, 10.311902 ], [ 0.859734000000117, 10.320871 ], [ 0.846459, 10.331993000000125 ], [ 0.839283, 10.33881 ], [ 0.823497, 10.351008 ], [ 0.774345, 10.3850920000001 ], [ 0.775062000000105, 10.392985000000181 ], [ 0.77578, 10.398367000000178 ], [ 0.775421000000165, 10.40518400000019 ], [ 0.774703000000102, 10.412001 ], [ 0.775421000000165, 10.41953500000011 ], [ 0.777933000000189, 10.443214000000182 ], [ 0.777527000000134, 10.443504000000189 ], [ 0.778471, 10.444111000000134 ], [ 0.778471, 10.448775 ], [ 0.781341, 10.47389 ], [ 0.781172, 10.474239000000182 ], [ 0.781341, 10.474248 ], [ 0.782417, 10.483577 ], [ 0.783135000000186, 10.494699 ], [ 0.782059000000118, 10.497928 ], [ 0.782417, 10.502592000000107 ], [ 0.783494, 10.512638000000152 ], [ 0.78744, 10.51945400000011 ], [ 0.791745, 10.535599000000104 ], [ 0.798562000000118, 10.552103 ], [ 0.801432, 10.55892 ], [ 0.805020000000127, 10.573989 ], [ 0.806455, 10.581164 ], [ 0.807173, 10.591210000000103 ], [ 0.8078900000001, 10.60484300000013 ], [ 0.808608000000163, 10.610225 ], [ 0.808156, 10.614590000000135 ], [ 0.809338, 10.625621000000137 ], [ 0.809811, 10.640289000000166 ], [ 0.810758, 10.655904 ], [ 0.811231000000134, 10.663474 ], [ 0.811704, 10.673884 ], [ 0.81205100000011, 10.680302 ], [ 0.812650000000133, 10.691391000000124 ], [ 0.813597000000129, 10.697069 ], [ 0.815016000000128, 10.704639 ], [ 0.819748000000118, 10.71079 ], [ 0.823533000000168, 10.719307 ], [ 0.825426000000107, 10.727351 ], [ 0.829684000000157, 10.738233 ], [ 0.836781, 10.754794000000174 ], [ 0.840567, 10.758579000000168 ], [ 0.845298000000128, 10.765677 ], [ 0.851923000000113, 10.775613 ], [ 0.86801, 10.795013 ], [ 0.86943, 10.797852000000148 ], [ 0.873688, 10.806368 ], [ 0.877473, 10.825295 ], [ 0.877371000000153, 10.825325 ], [ 0.879582000000141, 10.837562 ], [ 0.881399, 10.848766000000126 ], [ 0.883519, 10.856942 ], [ 0.885033000000135, 10.861484000000132 ], [ 0.90078, 10.886922 ], [ 0.898054000000116, 10.893886 ], [ 0.891089, 10.912964 ], [ 0.890181, 10.920232000000112 ], [ 0.899568000000158, 10.944761 ], [ 0.900174, 10.954148 ], [ 0.906533, 10.972923 ], [ 0.912287, 10.996543 ], [ 0.901083, 10.995938 ], [ 0.897751, 10.998057000000131 ], [ 0.891695000000141, 10.996543 ], [ 0.868075000000147, 10.995332 ], [ 0.854448000000104, 10.995332 ], [ 0.84808900000013, 10.997452000000123 ], [ 0.830222000000106, 10.996543 ], [ 0.788736000000142, 10.996846000000119 ], [ 0.787524, 10.997149 ], [ 0.76996, 10.996846000000119 ], [ 0.761481000000117, 10.996543 ], [ 0.755122000000142, 10.997149 ], [ 0.7414950000001, 10.99624 ], [ 0.731805, 10.997149 ], [ 0.714544, 10.998360000000105 ], [ 0.704551, 10.9977540000001 ], [ 0.696072, 10.997452000000123 ], [ 0.684868000000108, 10.997452000000123 ], [ 0.670938, 10.997452000000123 ], [ 0.659430000000157, 10.998057000000131 ], [ 0.650043, 10.998360000000105 ], [ 0.639141, 10.999571000000117 ], [ 0.626725, 10.993515000000173 ], [ 0.611282000000188, 10.984733 ], [ 0.597107000000108, 10.979117 ], [ 0.595232, 10.978374 ], [ 0.59099300000014, 10.97595100000018 ], [ 0.582211, 10.978979 ], [ 0.575549, 10.978677000000118 ], [ 0.550717000000134, 10.967169 ], [ 0.537696, 10.957782000000179 ], [ 0.500752, 10.936584 ], [ 0.509231, 10.952634 ], [ 0.509836000000178, 10.977768 ], [ 0.507111000000123, 10.984733 ], [ 0.494998, 10.984733 ], [ 0.491364000000146, 10.986853000000167 ], [ 0.497421, 10.995029 ], [ 0.50272, 11.004265 ], [ 0.50423400000011, 11.009413 ], [ 0.503931, 11.012744000000112 ], [ 0.444881000000123, 11.023343 ], [ 0.436064000000158, 11.026022 ], [ 0.413993, 11.032730000000129 ], [ 0.399621, 11.036065 ], [ 0.392362, 11.037539000000152 ], [ 0.362000000000137, 11.044244000000162 ], [ 0.359261000000174, 11.044742000000156 ], [ 0.33264, 11.047575 ], [ 0.3144, 11.048660000000154 ], [ 0.303119000000152, 11.049830000000156 ], [ 0.296353, 11.050240000000144 ], [ 0.291528000000142, 11.050425000000189 ], [ 0.291228, 11.050650000000132 ], [ 0.266627, 11.0568 ], [ 0.266540000000134, 11.056578000000172 ], [ 0.265602000000172, 11.057005000000117 ], [ 0.191302000000178, 11.071582 ], [ 0.190313, 11.072288 ], [ 0.169802, 11.078431000000137 ], [ 0.146084, 11.084483000000148 ], [ 0.100767000000133, 11.092949 ], [ 0.096686, 11.094297000000154 ], [ 0.074632000000122, 11.100126 ], [ 0.074451, 11.099580000000117 ], [ 0.071539000000143, 11.100744000000134 ], [ 0.043083, 11.108786000000123 ], [ 0.04211, 11.109110000000101 ], [ 0.03551, 11.111309000000176 ], [ 0.016745, 11.113277 ], [ 0.012119000000155, 11.113762 ], [ 0.001746, 11.114539 ], [ -0.006473, 11.115713 ], [ -0.030736999999817, 11.120796000000155 ], [ -0.036135, 11.122104 ], [ -0.054657, 11.12548900000013 ], [ -0.07621, 11.12832 ], [ -0.085588, 11.1292 ], [ -0.085415, 11.128785000000164 ], [ -0.093511, 11.129291000000137 ] ] ] } }
]
}
